!defaultpackage!;net.sf.jftp.config
!defaultpackage!;net.sf.jftp.net
!defaultpackage!;net.sf.jftp.system.logging
net.sf.jftp;net.sf.jftp.config
net.sf.jftp;net.sf.jftp.gui.base
net.sf.jftp;net.sf.jftp.gui.base.dir
net.sf.jftp;net.sf.jftp.gui.framework
net.sf.jftp;net.sf.jftp.gui.hostchooser
net.sf.jftp;net.sf.jftp.gui.tasks
net.sf.jftp;net.sf.jftp.net
net.sf.jftp;net.sf.jftp.system
net.sf.jftp;net.sf.jftp.system.logging
net.sf.jftp;net.sf.jftp.tools
net.sf.jftp.config;net.sf.jftp
net.sf.jftp.config;net.sf.jftp.gui.base
net.sf.jftp.config;net.sf.jftp.system.logging
net.sf.jftp.event;net.sf.jftp.net
net.sf.jftp.gui.base;net.sf.jftp
net.sf.jftp.gui.base;net.sf.jftp.config
net.sf.jftp.gui.base;net.sf.jftp.gui.base.dir
net.sf.jftp.gui.base;net.sf.jftp.gui.framework
net.sf.jftp.gui.base;net.sf.jftp.gui.hostchooser
net.sf.jftp.gui.base;net.sf.jftp.gui.tasks
net.sf.jftp.gui.base;net.sf.jftp.net
net.sf.jftp.gui.base;net.sf.jftp.net.wrappers
net.sf.jftp.gui.base;net.sf.jftp.system
net.sf.jftp.gui.base;net.sf.jftp.system.logging
net.sf.jftp.gui.base;net.sf.jftp.tools
net.sf.jftp.gui.base;net.sf.jftp.util
net.sf.jftp.gui.base.dir;net.sf.jftp.config
net.sf.jftp.gui.base.dir;net.sf.jftp.gui.base
net.sf.jftp.gui.base.dir;net.sf.jftp.gui.framework
net.sf.jftp.gui.base.dir;net.sf.jftp.gui.tasks
net.sf.jftp.gui.base.dir;net.sf.jftp.net
net.sf.jftp.gui.base.dir;net.sf.jftp.system
net.sf.jftp.gui.base.dir;net.sf.jftp.system.logging
net.sf.jftp.gui.framework;net.sf.jftp
net.sf.jftp.gui.framework;net.sf.jftp.config
net.sf.jftp.gui.framework;net.sf.jftp.gui.base
net.sf.jftp.gui.framework;net.sf.jftp.gui.base.dir
net.sf.jftp.gui.framework;net.sf.jftp.system.logging
net.sf.jftp.gui.hostchooser;net.sf.jftp
net.sf.jftp.gui.hostchooser;net.sf.jftp.config
net.sf.jftp.gui.hostchooser;net.sf.jftp.gui.base
net.sf.jftp.gui.hostchooser;net.sf.jftp.gui.base.dir
net.sf.jftp.gui.hostchooser;net.sf.jftp.gui.framework
net.sf.jftp.gui.hostchooser;net.sf.jftp.gui.tasks
net.sf.jftp.gui.hostchooser;net.sf.jftp.net
net.sf.jftp.gui.hostchooser;net.sf.jftp.net.wrappers
net.sf.jftp.gui.hostchooser;net.sf.jftp.system
net.sf.jftp.gui.hostchooser;net.sf.jftp.system.logging
net.sf.jftp.gui.hostchooser;net.sf.jftp.tools
net.sf.jftp.gui.tasks;net.sf.jftp
net.sf.jftp.gui.tasks;net.sf.jftp.config
net.sf.jftp.gui.tasks;net.sf.jftp.gui.base
net.sf.jftp.gui.tasks;net.sf.jftp.gui.base.dir
net.sf.jftp.gui.tasks;net.sf.jftp.gui.framework
net.sf.jftp.gui.tasks;net.sf.jftp.net
net.sf.jftp.gui.tasks;net.sf.jftp.net.wrappers
net.sf.jftp.gui.tasks;net.sf.jftp.system
net.sf.jftp.gui.tasks;net.sf.jftp.system.logging
net.sf.jftp.net;net.sf.jftp.config
net.sf.jftp.net;net.sf.jftp.system
net.sf.jftp.net;net.sf.jftp.system.logging
net.sf.jftp.net.server;net.sf.jftp.system.logging
net.sf.jftp.net.wrappers;net.sf.jftp
net.sf.jftp.net.wrappers;net.sf.jftp.config
net.sf.jftp.net.wrappers;net.sf.jftp.gui.base
net.sf.jftp.net.wrappers;net.sf.jftp.gui.base.dir
net.sf.jftp.net.wrappers;net.sf.jftp.gui.tasks
net.sf.jftp.net.wrappers;net.sf.jftp.net
net.sf.jftp.net.wrappers;net.sf.jftp.system
net.sf.jftp.net.wrappers;net.sf.jftp.system.logging
net.sf.jftp.system;net.sf.jftp
net.sf.jftp.system;net.sf.jftp.config
net.sf.jftp.system;net.sf.jftp.event
net.sf.jftp.system;net.sf.jftp.gui.base
net.sf.jftp.system;net.sf.jftp.gui.base.dir
net.sf.jftp.system;net.sf.jftp.system.logging
net.sf.jftp.system.logging;net.sf.jftp.config
net.sf.jftp.tools;net.sf.jftp
net.sf.jftp.tools;net.sf.jftp.config
net.sf.jftp.tools;net.sf.jftp.gui.base
net.sf.jftp.tools;net.sf.jftp.gui.base.dir
net.sf.jftp.tools;net.sf.jftp.gui.framework
net.sf.jftp.tools;net.sf.jftp.net
net.sf.jftp.tools;net.sf.jftp.net.wrappers
net.sf.jftp.tools;net.sf.jftp.system
net.sf.jftp.tools;net.sf.jftp.system.logging
net.sf.jftp.util;net.sf.jftp.gui.framework
net.sf.jftp.util;net.sf.jftp.system
net.sf.jftp.util;net.sf.jftp.system.logging
