net.sourceforge.squirrel_sql.client;net.sourceforge.squirrel_sql.client.action
net.sourceforge.squirrel_sql.client;net.sourceforge.squirrel_sql.client.gui
net.sourceforge.squirrel_sql.client;net.sourceforge.squirrel_sql.client.gui.builders
net.sourceforge.squirrel_sql.client;net.sourceforge.squirrel_sql.client.gui.builders.dndtabbedpane
net.sourceforge.squirrel_sql.client;net.sourceforge.squirrel_sql.client.gui.db
net.sourceforge.squirrel_sql.client;net.sourceforge.squirrel_sql.client.gui.desktopcontainer
net.sourceforge.squirrel_sql.client;net.sourceforge.squirrel_sql.client.gui.desktopcontainer.docktabdesktop
net.sourceforge.squirrel_sql.client;net.sourceforge.squirrel_sql.client.gui.laf
net.sourceforge.squirrel_sql.client;net.sourceforge.squirrel_sql.client.gui.mainframe
net.sourceforge.squirrel_sql.client;net.sourceforge.squirrel_sql.client.gui.recentfiles
net.sourceforge.squirrel_sql.client;net.sourceforge.squirrel_sql.client.gui.session
net.sourceforge.squirrel_sql.client;net.sourceforge.squirrel_sql.client.mainframe.action
net.sourceforge.squirrel_sql.client;net.sourceforge.squirrel_sql.client.plugin
net.sourceforge.squirrel_sql.client;net.sourceforge.squirrel_sql.client.preferences
net.sourceforge.squirrel_sql.client;net.sourceforge.squirrel_sql.client.resources
net.sourceforge.squirrel_sql.client;net.sourceforge.squirrel_sql.client.session
net.sourceforge.squirrel_sql.client;net.sourceforge.squirrel_sql.client.session.mainpanel
net.sourceforge.squirrel_sql.client;net.sourceforge.squirrel_sql.client.session.properties
net.sourceforge.squirrel_sql.client;net.sourceforge.squirrel_sql.client.session.schemainfo
net.sourceforge.squirrel_sql.client;net.sourceforge.squirrel_sql.client.update.autocheck
net.sourceforge.squirrel_sql.client;net.sourceforge.squirrel_sql.client.update.gui.installer
net.sourceforge.squirrel_sql.client;net.sourceforge.squirrel_sql.client.util
net.sourceforge.squirrel_sql.client;net.sourceforge.squirrel_sql.fw.datasetviewer
net.sourceforge.squirrel_sql.client;net.sourceforge.squirrel_sql.fw.datasetviewer.cellcomponent
net.sourceforge.squirrel_sql.client;net.sourceforge.squirrel_sql.fw.gui
net.sourceforge.squirrel_sql.client;net.sourceforge.squirrel_sql.fw.gui.action.wikiTable
net.sourceforge.squirrel_sql.client;net.sourceforge.squirrel_sql.fw.sql
net.sourceforge.squirrel_sql.client;net.sourceforge.squirrel_sql.fw.util
net.sourceforge.squirrel_sql.client;net.sourceforge.squirrel_sql.fw.util.log
net.sourceforge.squirrel_sql.client;net.sourceforge.squirrel_sql.fw.xml
net.sourceforge.squirrel_sql.client.action;net.sourceforge.squirrel_sql.client
net.sourceforge.squirrel_sql.client.action;net.sourceforge.squirrel_sql.client.gui.desktopcontainer
net.sourceforge.squirrel_sql.client.action;net.sourceforge.squirrel_sql.client.gui.session
net.sourceforge.squirrel_sql.client.action;net.sourceforge.squirrel_sql.client.mainframe.action
net.sourceforge.squirrel_sql.client.action;net.sourceforge.squirrel_sql.client.preferences
net.sourceforge.squirrel_sql.client.action;net.sourceforge.squirrel_sql.client.resources
net.sourceforge.squirrel_sql.client.action;net.sourceforge.squirrel_sql.client.session
net.sourceforge.squirrel_sql.client.action;net.sourceforge.squirrel_sql.client.session.action
net.sourceforge.squirrel_sql.client.action;net.sourceforge.squirrel_sql.client.session.mainpanel
net.sourceforge.squirrel_sql.client.action;net.sourceforge.squirrel_sql.client.session.mainpanel.objecttree
net.sourceforge.squirrel_sql.client.action;net.sourceforge.squirrel_sql.fw.gui.action
net.sourceforge.squirrel_sql.client.action;net.sourceforge.squirrel_sql.fw.util
net.sourceforge.squirrel_sql.client.action;net.sourceforge.squirrel_sql.fw.util.log
net.sourceforge.squirrel_sql.client.db;net.sourceforge.squirrel_sql.fw.id
net.sourceforge.squirrel_sql.client.db;net.sourceforge.squirrel_sql.fw.persist
net.sourceforge.squirrel_sql.client.db;net.sourceforge.squirrel_sql.fw.util
net.sourceforge.squirrel_sql.client.gui;net.sourceforge.squirrel_sql.client
net.sourceforge.squirrel_sql.client.gui;net.sourceforge.squirrel_sql.client.action
net.sourceforge.squirrel_sql.client.gui;net.sourceforge.squirrel_sql.client.gui.builders
net.sourceforge.squirrel_sql.client.gui;net.sourceforge.squirrel_sql.client.gui.db
net.sourceforge.squirrel_sql.client.gui;net.sourceforge.squirrel_sql.client.gui.desktopcontainer
net.sourceforge.squirrel_sql.client.gui;net.sourceforge.squirrel_sql.client.gui.desktopcontainer.docktabdesktop
net.sourceforge.squirrel_sql.client.gui;net.sourceforge.squirrel_sql.client.gui.mainframe
net.sourceforge.squirrel_sql.client.gui;net.sourceforge.squirrel_sql.client.gui.session
net.sourceforge.squirrel_sql.client.gui;net.sourceforge.squirrel_sql.client.gui.util
net.sourceforge.squirrel_sql.client.gui;net.sourceforge.squirrel_sql.client.mainframe.action
net.sourceforge.squirrel_sql.client.gui;net.sourceforge.squirrel_sql.client.plugin
net.sourceforge.squirrel_sql.client.gui;net.sourceforge.squirrel_sql.client.preferences
net.sourceforge.squirrel_sql.client.gui;net.sourceforge.squirrel_sql.client.resources
net.sourceforge.squirrel_sql.client.gui;net.sourceforge.squirrel_sql.client.session
net.sourceforge.squirrel_sql.client.gui;net.sourceforge.squirrel_sql.client.session.event
net.sourceforge.squirrel_sql.client.gui;net.sourceforge.squirrel_sql.client.session.properties
net.sourceforge.squirrel_sql.client.gui;net.sourceforge.squirrel_sql.client.session.sqlfilter
net.sourceforge.squirrel_sql.client.gui;net.sourceforge.squirrel_sql.client.util
net.sourceforge.squirrel_sql.client.gui;net.sourceforge.squirrel_sql.fw.datasetviewer
net.sourceforge.squirrel_sql.client.gui;net.sourceforge.squirrel_sql.fw.gui
net.sourceforge.squirrel_sql.client.gui;net.sourceforge.squirrel_sql.fw.gui.debug
net.sourceforge.squirrel_sql.client.gui;net.sourceforge.squirrel_sql.fw.id
net.sourceforge.squirrel_sql.client.gui;net.sourceforge.squirrel_sql.fw.sql
net.sourceforge.squirrel_sql.client.gui;net.sourceforge.squirrel_sql.fw.util
net.sourceforge.squirrel_sql.client.gui;net.sourceforge.squirrel_sql.fw.util.beanwrapper
net.sourceforge.squirrel_sql.client.gui;net.sourceforge.squirrel_sql.fw.util.log
net.sourceforge.squirrel_sql.client.gui.builders;net.sourceforge.squirrel_sql.client
net.sourceforge.squirrel_sql.client.gui.builders;net.sourceforge.squirrel_sql.client.gui.builders.dndtabbedpane
net.sourceforge.squirrel_sql.client.gui.builders;net.sourceforge.squirrel_sql.client.preferences
net.sourceforge.squirrel_sql.client.gui.builders.dndtabbedpane;net.sourceforge.squirrel_sql.client
net.sourceforge.squirrel_sql.client.gui.builders.dndtabbedpane;net.sourceforge.squirrel_sql.client.gui.builders
net.sourceforge.squirrel_sql.client.gui.builders.dndtabbedpane;net.sourceforge.squirrel_sql.client.preferences
net.sourceforge.squirrel_sql.client.gui.controls;net.sourceforge.squirrel_sql.fw.sql
net.sourceforge.squirrel_sql.client.gui.db;net.sourceforge.squirrel_sql.client
net.sourceforge.squirrel_sql.client.gui.db;net.sourceforge.squirrel_sql.client.action
net.sourceforge.squirrel_sql.client.gui.db;net.sourceforge.squirrel_sql.client.gui
net.sourceforge.squirrel_sql.client.gui.db;net.sourceforge.squirrel_sql.client.gui.desktopcontainer
net.sourceforge.squirrel_sql.client.gui.db;net.sourceforge.squirrel_sql.client.gui.mainframe
net.sourceforge.squirrel_sql.client.gui.db;net.sourceforge.squirrel_sql.client.gui.session
net.sourceforge.squirrel_sql.client.gui.db;net.sourceforge.squirrel_sql.client.mainframe.action
net.sourceforge.squirrel_sql.client.gui.db;net.sourceforge.squirrel_sql.client.plugin
net.sourceforge.squirrel_sql.client.gui.db;net.sourceforge.squirrel_sql.client.preferences
net.sourceforge.squirrel_sql.client.gui.db;net.sourceforge.squirrel_sql.client.resources
net.sourceforge.squirrel_sql.client.gui.db;net.sourceforge.squirrel_sql.client.session
net.sourceforge.squirrel_sql.client.gui.db;net.sourceforge.squirrel_sql.client.session.schemainfo
net.sourceforge.squirrel_sql.client.gui.db;net.sourceforge.squirrel_sql.client.util
net.sourceforge.squirrel_sql.client.gui.db;net.sourceforge.squirrel_sql.fw.dialects
net.sourceforge.squirrel_sql.client.gui.db;net.sourceforge.squirrel_sql.fw.gui
net.sourceforge.squirrel_sql.client.gui.db;net.sourceforge.squirrel_sql.fw.id
net.sourceforge.squirrel_sql.client.gui.db;net.sourceforge.squirrel_sql.fw.persist
net.sourceforge.squirrel_sql.client.gui.db;net.sourceforge.squirrel_sql.fw.sql
net.sourceforge.squirrel_sql.client.gui.db;net.sourceforge.squirrel_sql.fw.util
net.sourceforge.squirrel_sql.client.gui.db;net.sourceforge.squirrel_sql.fw.util.log
net.sourceforge.squirrel_sql.client.gui.db;net.sourceforge.squirrel_sql.fw.xml
net.sourceforge.squirrel_sql.client.gui.db.aliasproperties;net.sourceforge.squirrel_sql.client
net.sourceforge.squirrel_sql.client.gui.db.aliasproperties;net.sourceforge.squirrel_sql.client.gui.db
net.sourceforge.squirrel_sql.client.gui.db.aliasproperties;net.sourceforge.squirrel_sql.client.gui.desktopcontainer
net.sourceforge.squirrel_sql.client.gui.db.aliasproperties;net.sourceforge.squirrel_sql.client.gui.mainframe
net.sourceforge.squirrel_sql.client.gui.db.aliasproperties;net.sourceforge.squirrel_sql.client.mainframe.action
net.sourceforge.squirrel_sql.client.gui.db.aliasproperties;net.sourceforge.squirrel_sql.client.plugin
net.sourceforge.squirrel_sql.client.gui.db.aliasproperties;net.sourceforge.squirrel_sql.client.session
net.sourceforge.squirrel_sql.client.gui.db.aliasproperties;net.sourceforge.squirrel_sql.client.session.schemainfo
net.sourceforge.squirrel_sql.client.gui.db.aliasproperties;net.sourceforge.squirrel_sql.client.util
net.sourceforge.squirrel_sql.client.gui.db.aliasproperties;net.sourceforge.squirrel_sql.fw.gui
net.sourceforge.squirrel_sql.client.gui.db.aliasproperties;net.sourceforge.squirrel_sql.fw.id
net.sourceforge.squirrel_sql.client.gui.db.aliasproperties;net.sourceforge.squirrel_sql.fw.sql
net.sourceforge.squirrel_sql.client.gui.db.aliasproperties;net.sourceforge.squirrel_sql.fw.util
net.sourceforge.squirrel_sql.client.gui.db.aliasproperties;net.sourceforge.squirrel_sql.fw.util.log
net.sourceforge.squirrel_sql.client.gui.desktopcontainer;net.sourceforge.squirrel_sql.client
net.sourceforge.squirrel_sql.client.gui.desktopcontainer;net.sourceforge.squirrel_sql.client.gui
net.sourceforge.squirrel_sql.client.gui.desktopcontainer;net.sourceforge.squirrel_sql.client.gui.desktopcontainer.docktabdesktop
net.sourceforge.squirrel_sql.client.gui.desktopcontainer;net.sourceforge.squirrel_sql.client.gui.mainframe
net.sourceforge.squirrel_sql.client.gui.desktopcontainer;net.sourceforge.squirrel_sql.client.preferences
net.sourceforge.squirrel_sql.client.gui.desktopcontainer;net.sourceforge.squirrel_sql.client.resources
net.sourceforge.squirrel_sql.client.gui.desktopcontainer;net.sourceforge.squirrel_sql.client.session
net.sourceforge.squirrel_sql.client.gui.desktopcontainer;net.sourceforge.squirrel_sql.client.session.event
net.sourceforge.squirrel_sql.client.gui.desktopcontainer;net.sourceforge.squirrel_sql.fw.gui
net.sourceforge.squirrel_sql.client.gui.desktopcontainer;net.sourceforge.squirrel_sql.fw.gui.action
net.sourceforge.squirrel_sql.client.gui.desktopcontainer;net.sourceforge.squirrel_sql.fw.util
net.sourceforge.squirrel_sql.client.gui.desktopcontainer;net.sourceforge.squirrel_sql.fw.util.log
net.sourceforge.squirrel_sql.client.gui.desktopcontainer.docktabdesktop;net.sourceforge.squirrel_sql.client
net.sourceforge.squirrel_sql.client.gui.desktopcontainer.docktabdesktop;net.sourceforge.squirrel_sql.client.action
net.sourceforge.squirrel_sql.client.gui.desktopcontainer.docktabdesktop;net.sourceforge.squirrel_sql.client.gui
net.sourceforge.squirrel_sql.client.gui.desktopcontainer.docktabdesktop;net.sourceforge.squirrel_sql.client.gui.builders.dndtabbedpane
net.sourceforge.squirrel_sql.client.gui.desktopcontainer.docktabdesktop;net.sourceforge.squirrel_sql.client.gui.desktopcontainer
net.sourceforge.squirrel_sql.client.gui.desktopcontainer.docktabdesktop;net.sourceforge.squirrel_sql.client.gui.mainframe
net.sourceforge.squirrel_sql.client.gui.desktopcontainer.docktabdesktop;net.sourceforge.squirrel_sql.client.mainframe.action
net.sourceforge.squirrel_sql.client.gui.desktopcontainer.docktabdesktop;net.sourceforge.squirrel_sql.client.preferences
net.sourceforge.squirrel_sql.client.gui.desktopcontainer.docktabdesktop;net.sourceforge.squirrel_sql.client.resources
net.sourceforge.squirrel_sql.client.gui.desktopcontainer.docktabdesktop;net.sourceforge.squirrel_sql.client.session.action
net.sourceforge.squirrel_sql.client.gui.desktopcontainer.docktabdesktop;net.sourceforge.squirrel_sql.fw.util
net.sourceforge.squirrel_sql.client.gui.dnd;net.sourceforge.squirrel_sql.client
net.sourceforge.squirrel_sql.client.gui.dnd;net.sourceforge.squirrel_sql.client.session
net.sourceforge.squirrel_sql.client.gui.dnd;net.sourceforge.squirrel_sql.fw.util
net.sourceforge.squirrel_sql.client.gui.dnd;net.sourceforge.squirrel_sql.fw.util.log
net.sourceforge.squirrel_sql.client.gui.laf;net.sourceforge.squirrel_sql.fw.util
net.sourceforge.squirrel_sql.client.gui.mainframe;net.sourceforge.squirrel_sql.client
net.sourceforge.squirrel_sql.client.gui.mainframe;net.sourceforge.squirrel_sql.client.action
net.sourceforge.squirrel_sql.client.gui.mainframe;net.sourceforge.squirrel_sql.client.gui
net.sourceforge.squirrel_sql.client.gui.mainframe;net.sourceforge.squirrel_sql.client.gui.db
net.sourceforge.squirrel_sql.client.gui.mainframe;net.sourceforge.squirrel_sql.client.gui.desktopcontainer
net.sourceforge.squirrel_sql.client.gui.mainframe;net.sourceforge.squirrel_sql.client.gui.desktopcontainer.docktabdesktop
net.sourceforge.squirrel_sql.client.gui.mainframe;net.sourceforge.squirrel_sql.client.mainframe.action
net.sourceforge.squirrel_sql.client.gui.mainframe;net.sourceforge.squirrel_sql.client.plugin
net.sourceforge.squirrel_sql.client.gui.mainframe;net.sourceforge.squirrel_sql.client.preferences
net.sourceforge.squirrel_sql.client.gui.mainframe;net.sourceforge.squirrel_sql.client.resources
net.sourceforge.squirrel_sql.client.gui.mainframe;net.sourceforge.squirrel_sql.client.session
net.sourceforge.squirrel_sql.client.gui.mainframe;net.sourceforge.squirrel_sql.client.session.action
net.sourceforge.squirrel_sql.client.gui.mainframe;net.sourceforge.squirrel_sql.client.session.event
net.sourceforge.squirrel_sql.client.gui.mainframe;net.sourceforge.squirrel_sql.fw.datasetviewer
net.sourceforge.squirrel_sql.client.gui.mainframe;net.sourceforge.squirrel_sql.fw.gui
net.sourceforge.squirrel_sql.client.gui.mainframe;net.sourceforge.squirrel_sql.fw.id
net.sourceforge.squirrel_sql.client.gui.mainframe;net.sourceforge.squirrel_sql.fw.sql
net.sourceforge.squirrel_sql.client.gui.mainframe;net.sourceforge.squirrel_sql.fw.util
net.sourceforge.squirrel_sql.client.gui.mainframe;net.sourceforge.squirrel_sql.fw.util.beanwrapper
net.sourceforge.squirrel_sql.client.gui.mainframe;net.sourceforge.squirrel_sql.fw.util.log
net.sourceforge.squirrel_sql.client.gui.recentfiles;net.sourceforge.squirrel_sql.client
net.sourceforge.squirrel_sql.client.gui.recentfiles;net.sourceforge.squirrel_sql.client.gui.db
net.sourceforge.squirrel_sql.client.gui.recentfiles;net.sourceforge.squirrel_sql.client.gui.dnd
net.sourceforge.squirrel_sql.client.gui.recentfiles;net.sourceforge.squirrel_sql.client.gui.mainframe
net.sourceforge.squirrel_sql.client.gui.recentfiles;net.sourceforge.squirrel_sql.client.preferences
net.sourceforge.squirrel_sql.client.gui.recentfiles;net.sourceforge.squirrel_sql.client.resources
net.sourceforge.squirrel_sql.client.gui.recentfiles;net.sourceforge.squirrel_sql.client.session
net.sourceforge.squirrel_sql.client.gui.recentfiles;net.sourceforge.squirrel_sql.fw.gui
net.sourceforge.squirrel_sql.client.gui.recentfiles;net.sourceforge.squirrel_sql.fw.id
net.sourceforge.squirrel_sql.client.gui.recentfiles;net.sourceforge.squirrel_sql.fw.sql
net.sourceforge.squirrel_sql.client.gui.recentfiles;net.sourceforge.squirrel_sql.fw.util
net.sourceforge.squirrel_sql.client.gui.session;net.sourceforge.squirrel_sql.client
net.sourceforge.squirrel_sql.client.gui.session;net.sourceforge.squirrel_sql.client.action
net.sourceforge.squirrel_sql.client.gui.session;net.sourceforge.squirrel_sql.client.gui.builders
net.sourceforge.squirrel_sql.client.gui.session;net.sourceforge.squirrel_sql.client.gui.db
net.sourceforge.squirrel_sql.client.gui.session;net.sourceforge.squirrel_sql.client.gui.desktopcontainer
net.sourceforge.squirrel_sql.client.gui.session;net.sourceforge.squirrel_sql.client.resources
net.sourceforge.squirrel_sql.client.gui.session;net.sourceforge.squirrel_sql.client.session
net.sourceforge.squirrel_sql.client.gui.session;net.sourceforge.squirrel_sql.client.session.action
net.sourceforge.squirrel_sql.client.gui.session;net.sourceforge.squirrel_sql.client.session.event
net.sourceforge.squirrel_sql.client.gui.session;net.sourceforge.squirrel_sql.client.session.mainpanel
net.sourceforge.squirrel_sql.client.gui.session;net.sourceforge.squirrel_sql.client.session.mainpanel.objecttree
net.sourceforge.squirrel_sql.client.gui.session;net.sourceforge.squirrel_sql.client.session.properties
net.sourceforge.squirrel_sql.client.gui.session;net.sourceforge.squirrel_sql.client.session.schemainfo
net.sourceforge.squirrel_sql.client.gui.session;net.sourceforge.squirrel_sql.fw.completion
net.sourceforge.squirrel_sql.client.gui.session;net.sourceforge.squirrel_sql.fw.gui
net.sourceforge.squirrel_sql.client.gui.session;net.sourceforge.squirrel_sql.fw.id
net.sourceforge.squirrel_sql.client.gui.session;net.sourceforge.squirrel_sql.fw.sql
net.sourceforge.squirrel_sql.client.gui.session;net.sourceforge.squirrel_sql.fw.util
net.sourceforge.squirrel_sql.client.gui.session;net.sourceforge.squirrel_sql.fw.util.log
net.sourceforge.squirrel_sql.client.gui.util;net.sourceforge.squirrel_sql.fw.util
net.sourceforge.squirrel_sql.client.gui.util;net.sourceforge.squirrel_sql.fw.util.log
net.sourceforge.squirrel_sql.client.mainframe.action;net.sourceforge.squirrel_sql.client
net.sourceforge.squirrel_sql.client.mainframe.action;net.sourceforge.squirrel_sql.client.action
net.sourceforge.squirrel_sql.client.mainframe.action;net.sourceforge.squirrel_sql.client.gui
net.sourceforge.squirrel_sql.client.mainframe.action;net.sourceforge.squirrel_sql.client.gui.db
net.sourceforge.squirrel_sql.client.mainframe.action;net.sourceforge.squirrel_sql.client.gui.db.aliasproperties
net.sourceforge.squirrel_sql.client.mainframe.action;net.sourceforge.squirrel_sql.client.gui.desktopcontainer
net.sourceforge.squirrel_sql.client.mainframe.action;net.sourceforge.squirrel_sql.client.gui.mainframe
net.sourceforge.squirrel_sql.client.mainframe.action;net.sourceforge.squirrel_sql.client.gui.recentfiles
net.sourceforge.squirrel_sql.client.mainframe.action;net.sourceforge.squirrel_sql.client.gui.session
net.sourceforge.squirrel_sql.client.mainframe.action;net.sourceforge.squirrel_sql.client.plugin
net.sourceforge.squirrel_sql.client.mainframe.action;net.sourceforge.squirrel_sql.client.preferences
net.sourceforge.squirrel_sql.client.mainframe.action;net.sourceforge.squirrel_sql.client.resources
net.sourceforge.squirrel_sql.client.mainframe.action;net.sourceforge.squirrel_sql.client.session
net.sourceforge.squirrel_sql.client.mainframe.action;net.sourceforge.squirrel_sql.client.session.action
net.sourceforge.squirrel_sql.client.mainframe.action;net.sourceforge.squirrel_sql.client.update
net.sourceforge.squirrel_sql.client.mainframe.action;net.sourceforge.squirrel_sql.client.update.downloader
net.sourceforge.squirrel_sql.client.mainframe.action;net.sourceforge.squirrel_sql.client.util
net.sourceforge.squirrel_sql.client.mainframe.action;net.sourceforge.squirrel_sql.fw.datasetviewer
net.sourceforge.squirrel_sql.client.mainframe.action;net.sourceforge.squirrel_sql.fw.gui
net.sourceforge.squirrel_sql.client.mainframe.action;net.sourceforge.squirrel_sql.fw.gui.action
net.sourceforge.squirrel_sql.client.mainframe.action;net.sourceforge.squirrel_sql.fw.id
net.sourceforge.squirrel_sql.client.mainframe.action;net.sourceforge.squirrel_sql.fw.sql
net.sourceforge.squirrel_sql.client.mainframe.action;net.sourceforge.squirrel_sql.fw.util
net.sourceforge.squirrel_sql.client.mainframe.action;net.sourceforge.squirrel_sql.fw.util.beanwrapper
net.sourceforge.squirrel_sql.client.mainframe.action;net.sourceforge.squirrel_sql.fw.util.log
net.sourceforge.squirrel_sql.client.mainframe.action;net.sourceforge.squirrel_sql.fw.xml
net.sourceforge.squirrel_sql.client.plugin;net.sourceforge.squirrel_sql.client
net.sourceforge.squirrel_sql.client.plugin;net.sourceforge.squirrel_sql.client.gui
net.sourceforge.squirrel_sql.client.plugin;net.sourceforge.squirrel_sql.client.gui.db
net.sourceforge.squirrel_sql.client.plugin;net.sourceforge.squirrel_sql.client.gui.db.aliasproperties
net.sourceforge.squirrel_sql.client.plugin;net.sourceforge.squirrel_sql.client.gui.desktopcontainer
net.sourceforge.squirrel_sql.client.plugin;net.sourceforge.squirrel_sql.client.gui.session
net.sourceforge.squirrel_sql.client.plugin;net.sourceforge.squirrel_sql.client.preferences
net.sourceforge.squirrel_sql.client.plugin;net.sourceforge.squirrel_sql.client.session
net.sourceforge.squirrel_sql.client.plugin;net.sourceforge.squirrel_sql.client.session.event
net.sourceforge.squirrel_sql.client.plugin;net.sourceforge.squirrel_sql.client.session.mainpanel.objecttree
net.sourceforge.squirrel_sql.client.plugin;net.sourceforge.squirrel_sql.client.session.properties
net.sourceforge.squirrel_sql.client.plugin;net.sourceforge.squirrel_sql.client.util
net.sourceforge.squirrel_sql.client.plugin;net.sourceforge.squirrel_sql.fw.datasetviewer
net.sourceforge.squirrel_sql.client.plugin;net.sourceforge.squirrel_sql.fw.gui
net.sourceforge.squirrel_sql.client.plugin;net.sourceforge.squirrel_sql.fw.id
net.sourceforge.squirrel_sql.client.plugin;net.sourceforge.squirrel_sql.fw.preferences
net.sourceforge.squirrel_sql.client.plugin;net.sourceforge.squirrel_sql.fw.sql
net.sourceforge.squirrel_sql.client.plugin;net.sourceforge.squirrel_sql.fw.util
net.sourceforge.squirrel_sql.client.plugin;net.sourceforge.squirrel_sql.fw.util.log
net.sourceforge.squirrel_sql.client.plugin;net.sourceforge.squirrel_sql.fw.xml
net.sourceforge.squirrel_sql.client.plugin.gui;net.sourceforge.squirrel_sql.client
net.sourceforge.squirrel_sql.client.plugin.gui;net.sourceforge.squirrel_sql.client.plugin
net.sourceforge.squirrel_sql.client.plugin.gui;net.sourceforge.squirrel_sql.client.preferences
net.sourceforge.squirrel_sql.client.plugin.gui;net.sourceforge.squirrel_sql.fw.preferences
net.sourceforge.squirrel_sql.client.plugin.gui;net.sourceforge.squirrel_sql.fw.util
net.sourceforge.squirrel_sql.client.preferences;net.sourceforge.squirrel_sql.client
net.sourceforge.squirrel_sql.client.preferences;net.sourceforge.squirrel_sql.client.action
net.sourceforge.squirrel_sql.client.preferences;net.sourceforge.squirrel_sql.client.gui.builders
net.sourceforge.squirrel_sql.client.preferences;net.sourceforge.squirrel_sql.client.gui.desktopcontainer
net.sourceforge.squirrel_sql.client.preferences;net.sourceforge.squirrel_sql.client.gui.mainframe
net.sourceforge.squirrel_sql.client.preferences;net.sourceforge.squirrel_sql.client.plugin
net.sourceforge.squirrel_sql.client.preferences;net.sourceforge.squirrel_sql.client.preferences.codereformat
net.sourceforge.squirrel_sql.client.preferences;net.sourceforge.squirrel_sql.client.session
net.sourceforge.squirrel_sql.client.preferences;net.sourceforge.squirrel_sql.client.session.properties
net.sourceforge.squirrel_sql.client.preferences;net.sourceforge.squirrel_sql.client.update
net.sourceforge.squirrel_sql.client.preferences;net.sourceforge.squirrel_sql.client.update.xmlbeans
net.sourceforge.squirrel_sql.client.preferences;net.sourceforge.squirrel_sql.client.util
net.sourceforge.squirrel_sql.client.preferences;net.sourceforge.squirrel_sql.fw.datasetviewer.cellcomponent
net.sourceforge.squirrel_sql.client.preferences;net.sourceforge.squirrel_sql.fw.gui
net.sourceforge.squirrel_sql.client.preferences;net.sourceforge.squirrel_sql.fw.gui.action.wikiTable
net.sourceforge.squirrel_sql.client.preferences;net.sourceforge.squirrel_sql.fw.util
net.sourceforge.squirrel_sql.client.preferences;net.sourceforge.squirrel_sql.fw.util.log
net.sourceforge.squirrel_sql.client.preferences;net.sourceforge.squirrel_sql.fw.xml
net.sourceforge.squirrel_sql.client.preferences.codereformat;net.sourceforge.squirrel_sql.client
net.sourceforge.squirrel_sql.client.preferences.codereformat;net.sourceforge.squirrel_sql.client.preferences
net.sourceforge.squirrel_sql.client.preferences.codereformat;net.sourceforge.squirrel_sql.client.session.properties
net.sourceforge.squirrel_sql.client.preferences.codereformat;net.sourceforge.squirrel_sql.client.util
net.sourceforge.squirrel_sql.client.preferences.codereformat;net.sourceforge.squirrel_sql.client.util.codereformat
net.sourceforge.squirrel_sql.client.preferences.codereformat;net.sourceforge.squirrel_sql.fw.gui
net.sourceforge.squirrel_sql.client.preferences.codereformat;net.sourceforge.squirrel_sql.fw.util
net.sourceforge.squirrel_sql.client.preferences.codereformat;net.sourceforge.squirrel_sql.fw.xml
net.sourceforge.squirrel_sql.client.resources;net.sourceforge.squirrel_sql.fw.util
net.sourceforge.squirrel_sql.client.session;net.sourceforge.squirrel_sql.client
net.sourceforge.squirrel_sql.client.session;net.sourceforge.squirrel_sql.client.action
net.sourceforge.squirrel_sql.client.session;net.sourceforge.squirrel_sql.client.gui
net.sourceforge.squirrel_sql.client.session;net.sourceforge.squirrel_sql.client.gui.db
net.sourceforge.squirrel_sql.client.session;net.sourceforge.squirrel_sql.client.gui.desktopcontainer
net.sourceforge.squirrel_sql.client.session;net.sourceforge.squirrel_sql.client.gui.dnd
net.sourceforge.squirrel_sql.client.session;net.sourceforge.squirrel_sql.client.gui.mainframe
net.sourceforge.squirrel_sql.client.session;net.sourceforge.squirrel_sql.client.gui.recentfiles
net.sourceforge.squirrel_sql.client.session;net.sourceforge.squirrel_sql.client.gui.session
net.sourceforge.squirrel_sql.client.session;net.sourceforge.squirrel_sql.client.mainframe.action
net.sourceforge.squirrel_sql.client.session;net.sourceforge.squirrel_sql.client.plugin
net.sourceforge.squirrel_sql.client.session;net.sourceforge.squirrel_sql.client.preferences
net.sourceforge.squirrel_sql.client.session;net.sourceforge.squirrel_sql.client.resources
net.sourceforge.squirrel_sql.client.session;net.sourceforge.squirrel_sql.client.session.action
net.sourceforge.squirrel_sql.client.session;net.sourceforge.squirrel_sql.client.session.event
net.sourceforge.squirrel_sql.client.session;net.sourceforge.squirrel_sql.client.session.mainpanel
net.sourceforge.squirrel_sql.client.session;net.sourceforge.squirrel_sql.client.session.mainpanel.objecttree
net.sourceforge.squirrel_sql.client.session;net.sourceforge.squirrel_sql.client.session.mainpanel.objecttree.tabs
net.sourceforge.squirrel_sql.client.session;net.sourceforge.squirrel_sql.client.session.parser
net.sourceforge.squirrel_sql.client.session;net.sourceforge.squirrel_sql.client.session.properties
net.sourceforge.squirrel_sql.client.session;net.sourceforge.squirrel_sql.client.session.schemainfo
net.sourceforge.squirrel_sql.client.session;net.sourceforge.squirrel_sql.client.util
net.sourceforge.squirrel_sql.client.session;net.sourceforge.squirrel_sql.fw.datasetviewer
net.sourceforge.squirrel_sql.client.session;net.sourceforge.squirrel_sql.fw.datasetviewer.cellcomponent
net.sourceforge.squirrel_sql.client.session;net.sourceforge.squirrel_sql.fw.datasetviewer.cellcomponent.whereClause
net.sourceforge.squirrel_sql.client.session;net.sourceforge.squirrel_sql.fw.gui
net.sourceforge.squirrel_sql.client.session;net.sourceforge.squirrel_sql.fw.gui.action
net.sourceforge.squirrel_sql.client.session;net.sourceforge.squirrel_sql.fw.id
net.sourceforge.squirrel_sql.client.session;net.sourceforge.squirrel_sql.fw.persist
net.sourceforge.squirrel_sql.client.session;net.sourceforge.squirrel_sql.fw.sql
net.sourceforge.squirrel_sql.client.session;net.sourceforge.squirrel_sql.fw.util
net.sourceforge.squirrel_sql.client.session;net.sourceforge.squirrel_sql.fw.util.log
net.sourceforge.squirrel_sql.client.session.action;net.sourceforge.squirrel_sql.client
net.sourceforge.squirrel_sql.client.session.action;net.sourceforge.squirrel_sql.client.action
net.sourceforge.squirrel_sql.client.session.action;net.sourceforge.squirrel_sql.client.gui
net.sourceforge.squirrel_sql.client.session.action;net.sourceforge.squirrel_sql.client.gui.db
net.sourceforge.squirrel_sql.client.session.action;net.sourceforge.squirrel_sql.client.gui.desktopcontainer
net.sourceforge.squirrel_sql.client.session.action;net.sourceforge.squirrel_sql.client.gui.mainframe
net.sourceforge.squirrel_sql.client.session.action;net.sourceforge.squirrel_sql.client.gui.recentfiles
net.sourceforge.squirrel_sql.client.session.action;net.sourceforge.squirrel_sql.client.gui.session
net.sourceforge.squirrel_sql.client.session.action;net.sourceforge.squirrel_sql.client.plugin
net.sourceforge.squirrel_sql.client.session.action;net.sourceforge.squirrel_sql.client.session
net.sourceforge.squirrel_sql.client.session.action;net.sourceforge.squirrel_sql.client.session.mainpanel
net.sourceforge.squirrel_sql.client.session.action;net.sourceforge.squirrel_sql.client.session.mainpanel.objecttree
net.sourceforge.squirrel_sql.client.session.action;net.sourceforge.squirrel_sql.client.session.parser
net.sourceforge.squirrel_sql.client.session.action;net.sourceforge.squirrel_sql.client.session.properties
net.sourceforge.squirrel_sql.client.session.action;net.sourceforge.squirrel_sql.client.session.schemainfo
net.sourceforge.squirrel_sql.client.session.action;net.sourceforge.squirrel_sql.client.session.sqlfilter
net.sourceforge.squirrel_sql.client.session.action;net.sourceforge.squirrel_sql.client.util.codereformat
net.sourceforge.squirrel_sql.client.session.action;net.sourceforge.squirrel_sql.fw.datasetviewer
net.sourceforge.squirrel_sql.client.session.action;net.sourceforge.squirrel_sql.fw.dialects
net.sourceforge.squirrel_sql.client.session.action;net.sourceforge.squirrel_sql.fw.gui
net.sourceforge.squirrel_sql.client.session.action;net.sourceforge.squirrel_sql.fw.id
net.sourceforge.squirrel_sql.client.session.action;net.sourceforge.squirrel_sql.fw.sql
net.sourceforge.squirrel_sql.client.session.action;net.sourceforge.squirrel_sql.fw.util
net.sourceforge.squirrel_sql.client.session.action;net.sourceforge.squirrel_sql.fw.util.log
net.sourceforge.squirrel_sql.client.session.action;net.sourceforge.squirrel_sql.fw.xml
net.sourceforge.squirrel_sql.client.session.event;net.sourceforge.squirrel_sql.client.session
net.sourceforge.squirrel_sql.client.session.event;net.sourceforge.squirrel_sql.client.session.mainpanel
net.sourceforge.squirrel_sql.client.session.event;net.sourceforge.squirrel_sql.fw.id
net.sourceforge.squirrel_sql.client.session.mainpanel;net.sourceforge.squirrel_sql.client
net.sourceforge.squirrel_sql.client.session.mainpanel;net.sourceforge.squirrel_sql.client.action
net.sourceforge.squirrel_sql.client.session.mainpanel;net.sourceforge.squirrel_sql.client.gui.builders
net.sourceforge.squirrel_sql.client.session.mainpanel;net.sourceforge.squirrel_sql.client.gui.desktopcontainer
net.sourceforge.squirrel_sql.client.session.mainpanel;net.sourceforge.squirrel_sql.client.gui.mainframe
net.sourceforge.squirrel_sql.client.session.mainpanel;net.sourceforge.squirrel_sql.client.preferences
net.sourceforge.squirrel_sql.client.session.mainpanel;net.sourceforge.squirrel_sql.client.resources
net.sourceforge.squirrel_sql.client.session.mainpanel;net.sourceforge.squirrel_sql.client.session
net.sourceforge.squirrel_sql.client.session.mainpanel;net.sourceforge.squirrel_sql.client.session.action
net.sourceforge.squirrel_sql.client.session.mainpanel;net.sourceforge.squirrel_sql.client.session.event
net.sourceforge.squirrel_sql.client.session.mainpanel;net.sourceforge.squirrel_sql.client.session.mainpanel.objecttree
net.sourceforge.squirrel_sql.client.session.mainpanel;net.sourceforge.squirrel_sql.client.session.mainpanel.overview
net.sourceforge.squirrel_sql.client.session.mainpanel;net.sourceforge.squirrel_sql.client.session.properties
net.sourceforge.squirrel_sql.client.session.mainpanel;net.sourceforge.squirrel_sql.fw.datasetviewer
net.sourceforge.squirrel_sql.client.session.mainpanel;net.sourceforge.squirrel_sql.fw.datasetviewer.tablefind
net.sourceforge.squirrel_sql.client.session.mainpanel;net.sourceforge.squirrel_sql.fw.dialects
net.sourceforge.squirrel_sql.client.session.mainpanel;net.sourceforge.squirrel_sql.fw.gui
net.sourceforge.squirrel_sql.client.session.mainpanel;net.sourceforge.squirrel_sql.fw.id
net.sourceforge.squirrel_sql.client.session.mainpanel;net.sourceforge.squirrel_sql.fw.sql
net.sourceforge.squirrel_sql.client.session.mainpanel;net.sourceforge.squirrel_sql.fw.util
net.sourceforge.squirrel_sql.client.session.mainpanel;net.sourceforge.squirrel_sql.fw.util.log
net.sourceforge.squirrel_sql.client.session.mainpanel.objecttree;net.sourceforge.squirrel_sql.client
net.sourceforge.squirrel_sql.client.session.mainpanel.objecttree;net.sourceforge.squirrel_sql.client.action
net.sourceforge.squirrel_sql.client.session.mainpanel.objecttree;net.sourceforge.squirrel_sql.client.gui.builders
net.sourceforge.squirrel_sql.client.session.mainpanel.objecttree;net.sourceforge.squirrel_sql.client.gui.db
net.sourceforge.squirrel_sql.client.session.mainpanel.objecttree;net.sourceforge.squirrel_sql.client.plugin
net.sourceforge.squirrel_sql.client.session.mainpanel.objecttree;net.sourceforge.squirrel_sql.client.preferences
net.sourceforge.squirrel_sql.client.session.mainpanel.objecttree;net.sourceforge.squirrel_sql.client.resources
net.sourceforge.squirrel_sql.client.session.mainpanel.objecttree;net.sourceforge.squirrel_sql.client.session
net.sourceforge.squirrel_sql.client.session.mainpanel.objecttree;net.sourceforge.squirrel_sql.client.session.action
net.sourceforge.squirrel_sql.client.session.mainpanel.objecttree;net.sourceforge.squirrel_sql.client.session.mainpanel.objecttree.expanders
net.sourceforge.squirrel_sql.client.session.mainpanel.objecttree;net.sourceforge.squirrel_sql.client.session.mainpanel.objecttree.tabs
net.sourceforge.squirrel_sql.client.session.mainpanel.objecttree;net.sourceforge.squirrel_sql.client.session.mainpanel.objecttree.tabs.database
net.sourceforge.squirrel_sql.client.session.mainpanel.objecttree;net.sourceforge.squirrel_sql.client.session.mainpanel.objecttree.tabs.procedure
net.sourceforge.squirrel_sql.client.session.mainpanel.objecttree;net.sourceforge.squirrel_sql.client.session.mainpanel.objecttree.tabs.table
net.sourceforge.squirrel_sql.client.session.mainpanel.objecttree;net.sourceforge.squirrel_sql.client.session.properties
net.sourceforge.squirrel_sql.client.session.mainpanel.objecttree;net.sourceforge.squirrel_sql.client.session.schemainfo
net.sourceforge.squirrel_sql.client.session.mainpanel.objecttree;net.sourceforge.squirrel_sql.client.util
net.sourceforge.squirrel_sql.client.session.mainpanel.objecttree;net.sourceforge.squirrel_sql.fw.datasetviewer
net.sourceforge.squirrel_sql.client.session.mainpanel.objecttree;net.sourceforge.squirrel_sql.fw.gui
net.sourceforge.squirrel_sql.client.session.mainpanel.objecttree;net.sourceforge.squirrel_sql.fw.id
net.sourceforge.squirrel_sql.client.session.mainpanel.objecttree;net.sourceforge.squirrel_sql.fw.sql
net.sourceforge.squirrel_sql.client.session.mainpanel.objecttree;net.sourceforge.squirrel_sql.fw.util
net.sourceforge.squirrel_sql.client.session.mainpanel.objecttree;net.sourceforge.squirrel_sql.fw.util.log
net.sourceforge.squirrel_sql.client.session.mainpanel.objecttree.expanders;net.sourceforge.squirrel_sql.client
net.sourceforge.squirrel_sql.client.session.mainpanel.objecttree.expanders;net.sourceforge.squirrel_sql.client.session
net.sourceforge.squirrel_sql.client.session.mainpanel.objecttree.expanders;net.sourceforge.squirrel_sql.client.session.mainpanel.objecttree
net.sourceforge.squirrel_sql.client.session.mainpanel.objecttree.expanders;net.sourceforge.squirrel_sql.client.session.properties
net.sourceforge.squirrel_sql.client.session.mainpanel.objecttree.expanders;net.sourceforge.squirrel_sql.client.session.schemainfo
net.sourceforge.squirrel_sql.client.session.mainpanel.objecttree.expanders;net.sourceforge.squirrel_sql.fw.sql
net.sourceforge.squirrel_sql.client.session.mainpanel.objecttree.expanders;net.sourceforge.squirrel_sql.fw.util
net.sourceforge.squirrel_sql.client.session.mainpanel.objecttree.expanders;net.sourceforge.squirrel_sql.fw.util.log
net.sourceforge.squirrel_sql.client.session.mainpanel.objecttree.tabs;net.sourceforge.squirrel_sql.client
net.sourceforge.squirrel_sql.client.session.mainpanel.objecttree.tabs;net.sourceforge.squirrel_sql.client.session
net.sourceforge.squirrel_sql.client.session.mainpanel.objecttree.tabs;net.sourceforge.squirrel_sql.client.session.parser
net.sourceforge.squirrel_sql.client.session.mainpanel.objecttree.tabs;net.sourceforge.squirrel_sql.client.session.properties
net.sourceforge.squirrel_sql.client.session.mainpanel.objecttree.tabs;net.sourceforge.squirrel_sql.client.util.codereformat
net.sourceforge.squirrel_sql.client.session.mainpanel.objecttree.tabs;net.sourceforge.squirrel_sql.fw.datasetviewer
net.sourceforge.squirrel_sql.client.session.mainpanel.objecttree.tabs;net.sourceforge.squirrel_sql.fw.dialects
net.sourceforge.squirrel_sql.client.session.mainpanel.objecttree.tabs;net.sourceforge.squirrel_sql.fw.id
net.sourceforge.squirrel_sql.client.session.mainpanel.objecttree.tabs;net.sourceforge.squirrel_sql.fw.sql
net.sourceforge.squirrel_sql.client.session.mainpanel.objecttree.tabs;net.sourceforge.squirrel_sql.fw.util
net.sourceforge.squirrel_sql.client.session.mainpanel.objecttree.tabs;net.sourceforge.squirrel_sql.fw.util.log
net.sourceforge.squirrel_sql.client.session.mainpanel.objecttree.tabs.database;net.sourceforge.squirrel_sql.client.session
net.sourceforge.squirrel_sql.client.session.mainpanel.objecttree.tabs.database;net.sourceforge.squirrel_sql.client.session.mainpanel.objecttree.tabs
net.sourceforge.squirrel_sql.client.session.mainpanel.objecttree.tabs.database;net.sourceforge.squirrel_sql.client.session.schemainfo
net.sourceforge.squirrel_sql.client.session.mainpanel.objecttree.tabs.database;net.sourceforge.squirrel_sql.fw.datasetviewer
net.sourceforge.squirrel_sql.client.session.mainpanel.objecttree.tabs.database;net.sourceforge.squirrel_sql.fw.sql
net.sourceforge.squirrel_sql.client.session.mainpanel.objecttree.tabs.database;net.sourceforge.squirrel_sql.fw.util
net.sourceforge.squirrel_sql.client.session.mainpanel.objecttree.tabs.procedure;net.sourceforge.squirrel_sql.client.session
net.sourceforge.squirrel_sql.client.session.mainpanel.objecttree.tabs.procedure;net.sourceforge.squirrel_sql.client.session.mainpanel.objecttree.tabs
net.sourceforge.squirrel_sql.client.session.mainpanel.objecttree.tabs.procedure;net.sourceforge.squirrel_sql.fw.datasetviewer
net.sourceforge.squirrel_sql.client.session.mainpanel.objecttree.tabs.procedure;net.sourceforge.squirrel_sql.fw.sql
net.sourceforge.squirrel_sql.client.session.mainpanel.objecttree.tabs.procedure;net.sourceforge.squirrel_sql.fw.util
net.sourceforge.squirrel_sql.client.session.mainpanel.objecttree.tabs.table;net.sourceforge.squirrel_sql.client
net.sourceforge.squirrel_sql.client.session.mainpanel.objecttree.tabs.table;net.sourceforge.squirrel_sql.client.gui.session
net.sourceforge.squirrel_sql.client.session.mainpanel.objecttree.tabs.table;net.sourceforge.squirrel_sql.client.preferences
net.sourceforge.squirrel_sql.client.session.mainpanel.objecttree.tabs.table;net.sourceforge.squirrel_sql.client.session
net.sourceforge.squirrel_sql.client.session.mainpanel.objecttree.tabs.table;net.sourceforge.squirrel_sql.client.session.mainpanel
net.sourceforge.squirrel_sql.client.session.mainpanel.objecttree.tabs.table;net.sourceforge.squirrel_sql.client.session.mainpanel.objecttree
net.sourceforge.squirrel_sql.client.session.mainpanel.objecttree.tabs.table;net.sourceforge.squirrel_sql.client.session.mainpanel.objecttree.tabs
net.sourceforge.squirrel_sql.client.session.mainpanel.objecttree.tabs.table;net.sourceforge.squirrel_sql.client.session.properties
net.sourceforge.squirrel_sql.client.session.mainpanel.objecttree.tabs.table;net.sourceforge.squirrel_sql.client.session.sqlfilter
net.sourceforge.squirrel_sql.client.session.mainpanel.objecttree.tabs.table;net.sourceforge.squirrel_sql.fw.datasetviewer
net.sourceforge.squirrel_sql.client.session.mainpanel.objecttree.tabs.table;net.sourceforge.squirrel_sql.fw.dialects
net.sourceforge.squirrel_sql.client.session.mainpanel.objecttree.tabs.table;net.sourceforge.squirrel_sql.fw.gui
net.sourceforge.squirrel_sql.client.session.mainpanel.objecttree.tabs.table;net.sourceforge.squirrel_sql.fw.sql
net.sourceforge.squirrel_sql.client.session.mainpanel.objecttree.tabs.table;net.sourceforge.squirrel_sql.fw.sql.dbobj
net.sourceforge.squirrel_sql.client.session.mainpanel.objecttree.tabs.table;net.sourceforge.squirrel_sql.fw.sql.dbobj.adapter
net.sourceforge.squirrel_sql.client.session.mainpanel.objecttree.tabs.table;net.sourceforge.squirrel_sql.fw.util
net.sourceforge.squirrel_sql.client.session.mainpanel.objecttree.tabs.table;net.sourceforge.squirrel_sql.fw.util.log
net.sourceforge.squirrel_sql.client.session.mainpanel.overview;net.sourceforge.squirrel_sql.client
net.sourceforge.squirrel_sql.client.session.mainpanel.overview;net.sourceforge.squirrel_sql.client.gui.builders
net.sourceforge.squirrel_sql.client.session.mainpanel.overview;net.sourceforge.squirrel_sql.client.gui.desktopcontainer
net.sourceforge.squirrel_sql.client.session.mainpanel.overview;net.sourceforge.squirrel_sql.client.gui.mainframe
net.sourceforge.squirrel_sql.client.session.mainpanel.overview;net.sourceforge.squirrel_sql.client.resources
net.sourceforge.squirrel_sql.client.session.mainpanel.overview;net.sourceforge.squirrel_sql.client.session
net.sourceforge.squirrel_sql.client.session.mainpanel.overview;net.sourceforge.squirrel_sql.client.session.mainpanel.overview.datascale
net.sourceforge.squirrel_sql.client.session.mainpanel.overview;net.sourceforge.squirrel_sql.fw.datasetviewer
net.sourceforge.squirrel_sql.client.session.mainpanel.overview;net.sourceforge.squirrel_sql.fw.gui
net.sourceforge.squirrel_sql.client.session.mainpanel.overview;net.sourceforge.squirrel_sql.fw.util
net.sourceforge.squirrel_sql.client.session.mainpanel.overview.datascale;net.sourceforge.squirrel_sql.client.session.mainpanel.overview
net.sourceforge.squirrel_sql.client.session.mainpanel.overview.datascale;net.sourceforge.squirrel_sql.fw.datasetviewer
net.sourceforge.squirrel_sql.client.session.mainpanel.overview.datascale;net.sourceforge.squirrel_sql.fw.datasetviewer.cellcomponent
net.sourceforge.squirrel_sql.client.session.mainpanel.overview.datascale;net.sourceforge.squirrel_sql.fw.gui
net.sourceforge.squirrel_sql.client.session.mainpanel.overview.datascale;net.sourceforge.squirrel_sql.fw.util
net.sourceforge.squirrel_sql.client.session.parser;net.sourceforge.squirrel_sql.client
net.sourceforge.squirrel_sql.client.session.parser;net.sourceforge.squirrel_sql.client.session
net.sourceforge.squirrel_sql.client.session.parser;net.sourceforge.squirrel_sql.client.session.parser.kernel
net.sourceforge.squirrel_sql.client.session.parser;net.sourceforge.squirrel_sql.client.session.schemainfo
net.sourceforge.squirrel_sql.client.session.parser;net.sourceforge.squirrel_sql.fw.id
net.sourceforge.squirrel_sql.client.session.parser;net.sourceforge.squirrel_sql.fw.sql
net.sourceforge.squirrel_sql.client.session.parser;net.sourceforge.squirrel_sql.fw.util
net.sourceforge.squirrel_sql.client.session.parser.kernel;net.sourceforge.squirrel_sql.client.session.parser.kernel.completions
net.sourceforge.squirrel_sql.client.session.parser.kernel;net.sourceforge.squirrel_sql.fw.sql
net.sourceforge.squirrel_sql.client.session.parser.kernel;net.sourceforge.squirrel_sql.fw.util
net.sourceforge.squirrel_sql.client.session.parser.kernel;net.sourceforge.squirrel_sql.fw.util.log
net.sourceforge.squirrel_sql.client.session.parser.kernel.completions;net.sourceforge.squirrel_sql.client.session.parser.kernel
net.sourceforge.squirrel_sql.client.session.properties;net.sourceforge.squirrel_sql.client
net.sourceforge.squirrel_sql.client.session.properties;net.sourceforge.squirrel_sql.client.gui
net.sourceforge.squirrel_sql.client.session.properties;net.sourceforge.squirrel_sql.client.gui.builders
net.sourceforge.squirrel_sql.client.session.properties;net.sourceforge.squirrel_sql.client.gui.desktopcontainer
net.sourceforge.squirrel_sql.client.session.properties;net.sourceforge.squirrel_sql.client.gui.session
net.sourceforge.squirrel_sql.client.session.properties;net.sourceforge.squirrel_sql.client.plugin
net.sourceforge.squirrel_sql.client.session.properties;net.sourceforge.squirrel_sql.client.preferences
net.sourceforge.squirrel_sql.client.session.properties;net.sourceforge.squirrel_sql.client.session
net.sourceforge.squirrel_sql.client.session.properties;net.sourceforge.squirrel_sql.client.session.mainpanel.objecttree.tabs.table
net.sourceforge.squirrel_sql.client.session.properties;net.sourceforge.squirrel_sql.client.util
net.sourceforge.squirrel_sql.client.session.properties;net.sourceforge.squirrel_sql.fw.datasetviewer
net.sourceforge.squirrel_sql.client.session.properties;net.sourceforge.squirrel_sql.fw.gui
net.sourceforge.squirrel_sql.client.session.properties;net.sourceforge.squirrel_sql.fw.id
net.sourceforge.squirrel_sql.client.session.properties;net.sourceforge.squirrel_sql.fw.sql
net.sourceforge.squirrel_sql.client.session.properties;net.sourceforge.squirrel_sql.fw.util
net.sourceforge.squirrel_sql.client.session.properties;net.sourceforge.squirrel_sql.fw.util.log
net.sourceforge.squirrel_sql.client.session.schemainfo;net.sourceforge.squirrel_sql.client
net.sourceforge.squirrel_sql.client.session.schemainfo;net.sourceforge.squirrel_sql.client.gui.db
net.sourceforge.squirrel_sql.client.session.schemainfo;net.sourceforge.squirrel_sql.client.gui.desktopcontainer
net.sourceforge.squirrel_sql.client.session.schemainfo;net.sourceforge.squirrel_sql.client.gui.mainframe
net.sourceforge.squirrel_sql.client.session.schemainfo;net.sourceforge.squirrel_sql.client.gui.session
net.sourceforge.squirrel_sql.client.session.schemainfo;net.sourceforge.squirrel_sql.client.mainframe.action
net.sourceforge.squirrel_sql.client.session.schemainfo;net.sourceforge.squirrel_sql.client.preferences
net.sourceforge.squirrel_sql.client.session.schemainfo;net.sourceforge.squirrel_sql.client.resources
net.sourceforge.squirrel_sql.client.session.schemainfo;net.sourceforge.squirrel_sql.client.session
net.sourceforge.squirrel_sql.client.session.schemainfo;net.sourceforge.squirrel_sql.client.session.event
net.sourceforge.squirrel_sql.client.session.schemainfo;net.sourceforge.squirrel_sql.client.session.parser
net.sourceforge.squirrel_sql.client.session.schemainfo;net.sourceforge.squirrel_sql.client.session.properties
net.sourceforge.squirrel_sql.client.session.schemainfo;net.sourceforge.squirrel_sql.client.util
net.sourceforge.squirrel_sql.client.session.schemainfo;net.sourceforge.squirrel_sql.fw.gui
net.sourceforge.squirrel_sql.client.session.schemainfo;net.sourceforge.squirrel_sql.fw.id
net.sourceforge.squirrel_sql.client.session.schemainfo;net.sourceforge.squirrel_sql.fw.sql
net.sourceforge.squirrel_sql.client.session.schemainfo;net.sourceforge.squirrel_sql.fw.util
net.sourceforge.squirrel_sql.client.session.schemainfo;net.sourceforge.squirrel_sql.fw.util.log
net.sourceforge.squirrel_sql.client.session.sqlfilter;net.sourceforge.squirrel_sql.client
net.sourceforge.squirrel_sql.client.session.sqlfilter;net.sourceforge.squirrel_sql.client.gui.builders
net.sourceforge.squirrel_sql.client.session.sqlfilter;net.sourceforge.squirrel_sql.client.gui.desktopcontainer
net.sourceforge.squirrel_sql.client.session.sqlfilter;net.sourceforge.squirrel_sql.client.session
net.sourceforge.squirrel_sql.client.session.sqlfilter;net.sourceforge.squirrel_sql.client.session.mainpanel.objecttree.tabs
net.sourceforge.squirrel_sql.client.session.sqlfilter;net.sourceforge.squirrel_sql.client.session.mainpanel.objecttree.tabs.table
net.sourceforge.squirrel_sql.client.session.sqlfilter;net.sourceforge.squirrel_sql.client.util
net.sourceforge.squirrel_sql.client.session.sqlfilter;net.sourceforge.squirrel_sql.fw.datasetviewer
net.sourceforge.squirrel_sql.client.session.sqlfilter;net.sourceforge.squirrel_sql.fw.gui
net.sourceforge.squirrel_sql.client.session.sqlfilter;net.sourceforge.squirrel_sql.fw.sql
net.sourceforge.squirrel_sql.client.session.sqlfilter;net.sourceforge.squirrel_sql.fw.util
net.sourceforge.squirrel_sql.client.session.sqlfilter;net.sourceforge.squirrel_sql.fw.util.log
net.sourceforge.squirrel_sql.client.update;net.sourceforge.squirrel_sql.client
net.sourceforge.squirrel_sql.client.update;net.sourceforge.squirrel_sql.client.gui.mainframe
net.sourceforge.squirrel_sql.client.update;net.sourceforge.squirrel_sql.client.plugin
net.sourceforge.squirrel_sql.client.update;net.sourceforge.squirrel_sql.client.preferences
net.sourceforge.squirrel_sql.client.update;net.sourceforge.squirrel_sql.client.update.async
net.sourceforge.squirrel_sql.client.update;net.sourceforge.squirrel_sql.client.update.downloader
net.sourceforge.squirrel_sql.client.update;net.sourceforge.squirrel_sql.client.update.downloader.event
net.sourceforge.squirrel_sql.client.update;net.sourceforge.squirrel_sql.client.update.gui
net.sourceforge.squirrel_sql.client.update;net.sourceforge.squirrel_sql.client.update.util
net.sourceforge.squirrel_sql.client.update;net.sourceforge.squirrel_sql.client.update.xmlbeans
net.sourceforge.squirrel_sql.client.update;net.sourceforge.squirrel_sql.client.util
net.sourceforge.squirrel_sql.client.update;net.sourceforge.squirrel_sql.fw.gui
net.sourceforge.squirrel_sql.client.update;net.sourceforge.squirrel_sql.fw.util
net.sourceforge.squirrel_sql.client.update;net.sourceforge.squirrel_sql.fw.util.log
net.sourceforge.squirrel_sql.client.update.async;net.sourceforge.squirrel_sql.client
net.sourceforge.squirrel_sql.client.update.async;net.sourceforge.squirrel_sql.client.preferences
net.sourceforge.squirrel_sql.client.update.async;net.sourceforge.squirrel_sql.client.update
net.sourceforge.squirrel_sql.client.update.async;net.sourceforge.squirrel_sql.client.update.xmlbeans
net.sourceforge.squirrel_sql.client.update.async;net.sourceforge.squirrel_sql.fw.util
net.sourceforge.squirrel_sql.client.update.async;net.sourceforge.squirrel_sql.fw.util.log
net.sourceforge.squirrel_sql.client.update.autocheck;net.sourceforge.squirrel_sql.client
net.sourceforge.squirrel_sql.client.update.autocheck;net.sourceforge.squirrel_sql.client.preferences
net.sourceforge.squirrel_sql.client.update.autocheck;net.sourceforge.squirrel_sql.client.update
net.sourceforge.squirrel_sql.client.update.autocheck;net.sourceforge.squirrel_sql.client.update.async
net.sourceforge.squirrel_sql.client.update.autocheck;net.sourceforge.squirrel_sql.client.update.downloader
net.sourceforge.squirrel_sql.client.update.autocheck;net.sourceforge.squirrel_sql.fw.gui
net.sourceforge.squirrel_sql.client.update.autocheck;net.sourceforge.squirrel_sql.fw.util
net.sourceforge.squirrel_sql.client.update.autocheck;net.sourceforge.squirrel_sql.fw.util.log
net.sourceforge.squirrel_sql.client.update.downloader;net.sourceforge.squirrel_sql.client.update
net.sourceforge.squirrel_sql.client.update.downloader;net.sourceforge.squirrel_sql.client.update.downloader.event
net.sourceforge.squirrel_sql.client.update.downloader;net.sourceforge.squirrel_sql.client.update.gui
net.sourceforge.squirrel_sql.client.update.downloader;net.sourceforge.squirrel_sql.client.update.util
net.sourceforge.squirrel_sql.client.update.downloader;net.sourceforge.squirrel_sql.fw.util
net.sourceforge.squirrel_sql.client.update.downloader;net.sourceforge.squirrel_sql.fw.util.log
net.sourceforge.squirrel_sql.client.update.gui;net.sourceforge.squirrel_sql.client.update
net.sourceforge.squirrel_sql.client.update.gui;net.sourceforge.squirrel_sql.client.update.xmlbeans
net.sourceforge.squirrel_sql.client.update.gui;net.sourceforge.squirrel_sql.fw.gui
net.sourceforge.squirrel_sql.client.update.gui;net.sourceforge.squirrel_sql.fw.util
net.sourceforge.squirrel_sql.client.update.gui.installer;net.sourceforge.squirrel_sql.client
net.sourceforge.squirrel_sql.client.update.gui.installer;net.sourceforge.squirrel_sql.client.update
net.sourceforge.squirrel_sql.client.update.gui.installer;net.sourceforge.squirrel_sql.client.update.gui
net.sourceforge.squirrel_sql.client.update.gui.installer;net.sourceforge.squirrel_sql.client.update.gui.installer.event
net.sourceforge.squirrel_sql.client.update.gui.installer;net.sourceforge.squirrel_sql.client.update.gui.installer.util
net.sourceforge.squirrel_sql.client.update.gui.installer;net.sourceforge.squirrel_sql.client.update.xmlbeans
net.sourceforge.squirrel_sql.client.update.gui.installer;net.sourceforge.squirrel_sql.client.util
net.sourceforge.squirrel_sql.client.update.gui.installer;net.sourceforge.squirrel_sql.fw.gui
net.sourceforge.squirrel_sql.client.update.gui.installer;net.sourceforge.squirrel_sql.fw.util
net.sourceforge.squirrel_sql.client.update.gui.installer;net.sourceforge.squirrel_sql.fw.util.log
net.sourceforge.squirrel_sql.client.update.gui.installer.event;net.sourceforge.squirrel_sql.client.update.gui.installer
net.sourceforge.squirrel_sql.client.update.gui.installer.event;net.sourceforge.squirrel_sql.fw.util
net.sourceforge.squirrel_sql.client.update.gui.installer.util;net.sourceforge.squirrel_sql.fw.util
net.sourceforge.squirrel_sql.client.update.xmlbeans;net.sourceforge.squirrel_sql.client
net.sourceforge.squirrel_sql.client.update.xmlbeans;net.sourceforge.squirrel_sql.client.update.gui
net.sourceforge.squirrel_sql.client.update.xmlbeans;net.sourceforge.squirrel_sql.fw.util
net.sourceforge.squirrel_sql.client.util;net.sourceforge.squirrel_sql.client
net.sourceforge.squirrel_sql.client.util;net.sourceforge.squirrel_sql.fw.id
net.sourceforge.squirrel_sql.client.util;net.sourceforge.squirrel_sql.fw.util
net.sourceforge.squirrel_sql.client.util;net.sourceforge.squirrel_sql.fw.util.log
net.sourceforge.squirrel_sql.client.util.codereformat;net.sourceforge.squirrel_sql.client.preferences.codereformat
net.sourceforge.squirrel_sql.client.util.codereformat;net.sourceforge.squirrel_sql.client.session
net.sourceforge.squirrel_sql.client.util.codereformat;net.sourceforge.squirrel_sql.fw.sql
net.sourceforge.squirrel_sql.client.util.codereformat;net.sourceforge.squirrel_sql.fw.util
net.sourceforge.squirrel_sql.client.util.codereformat;net.sourceforge.squirrel_sql.fw.util.log
net.sourceforge.squirrel_sql.fw.datasetviewer;net.sourceforge.squirrel_sql.fw.datasetviewer.cellcomponent
net.sourceforge.squirrel_sql.fw.datasetviewer;net.sourceforge.squirrel_sql.fw.datasetviewer.tablefind
net.sourceforge.squirrel_sql.fw.datasetviewer;net.sourceforge.squirrel_sql.fw.dialects
net.sourceforge.squirrel_sql.fw.datasetviewer;net.sourceforge.squirrel_sql.fw.gui
net.sourceforge.squirrel_sql.fw.datasetviewer;net.sourceforge.squirrel_sql.fw.gui.action
net.sourceforge.squirrel_sql.fw.datasetviewer;net.sourceforge.squirrel_sql.fw.sql
net.sourceforge.squirrel_sql.fw.datasetviewer;net.sourceforge.squirrel_sql.fw.util
net.sourceforge.squirrel_sql.fw.datasetviewer;net.sourceforge.squirrel_sql.fw.util.log
net.sourceforge.squirrel_sql.fw.datasetviewer.cellcomponent;net.sourceforge.squirrel_sql.fw.datasetviewer
net.sourceforge.squirrel_sql.fw.datasetviewer.cellcomponent;net.sourceforge.squirrel_sql.fw.datasetviewer.cellcomponent.whereClause
net.sourceforge.squirrel_sql.fw.datasetviewer.cellcomponent;net.sourceforge.squirrel_sql.fw.dialects
net.sourceforge.squirrel_sql.fw.datasetviewer.cellcomponent;net.sourceforge.squirrel_sql.fw.gui
net.sourceforge.squirrel_sql.fw.datasetviewer.cellcomponent;net.sourceforge.squirrel_sql.fw.sql
net.sourceforge.squirrel_sql.fw.datasetviewer.cellcomponent;net.sourceforge.squirrel_sql.fw.util
net.sourceforge.squirrel_sql.fw.datasetviewer.cellcomponent;net.sourceforge.squirrel_sql.fw.util.log
net.sourceforge.squirrel_sql.fw.datasetviewer.cellcomponent.whereClause;net.sourceforge.squirrel_sql.fw.datasetviewer
net.sourceforge.squirrel_sql.fw.datasetviewer.cellcomponent.whereClause;net.sourceforge.squirrel_sql.fw.datasetviewer.cellcomponent
net.sourceforge.squirrel_sql.fw.datasetviewer.tablefind;net.sourceforge.squirrel_sql.fw.datasetviewer
net.sourceforge.squirrel_sql.fw.datasetviewer.tablefind;net.sourceforge.squirrel_sql.fw.gui
net.sourceforge.squirrel_sql.fw.datasetviewer.tablefind;net.sourceforge.squirrel_sql.fw.resources
net.sourceforge.squirrel_sql.fw.datasetviewer.tablefind;net.sourceforge.squirrel_sql.fw.util
net.sourceforge.squirrel_sql.fw.dialects;net.sourceforge.squirrel_sql.fw.gui
net.sourceforge.squirrel_sql.fw.dialects;net.sourceforge.squirrel_sql.fw.sql
net.sourceforge.squirrel_sql.fw.dialects;net.sourceforge.squirrel_sql.fw.util
net.sourceforge.squirrel_sql.fw.dialects;net.sourceforge.squirrel_sql.fw.util.log
net.sourceforge.squirrel_sql.fw.gui;net.sourceforge.squirrel_sql.fw.datasetviewer
net.sourceforge.squirrel_sql.fw.gui;net.sourceforge.squirrel_sql.fw.datasetviewer.cellcomponent
net.sourceforge.squirrel_sql.fw.gui;net.sourceforge.squirrel_sql.fw.gui.action
net.sourceforge.squirrel_sql.fw.gui;net.sourceforge.squirrel_sql.fw.gui.action.exportData
net.sourceforge.squirrel_sql.fw.gui;net.sourceforge.squirrel_sql.fw.gui.action.wikiTable
net.sourceforge.squirrel_sql.fw.gui;net.sourceforge.squirrel_sql.fw.resources
net.sourceforge.squirrel_sql.fw.gui;net.sourceforge.squirrel_sql.fw.sql
net.sourceforge.squirrel_sql.fw.gui;net.sourceforge.squirrel_sql.fw.util
net.sourceforge.squirrel_sql.fw.gui;net.sourceforge.squirrel_sql.fw.util.beanwrapper
net.sourceforge.squirrel_sql.fw.gui;net.sourceforge.squirrel_sql.fw.util.log
net.sourceforge.squirrel_sql.fw.gui;net.sourceforge.squirrel_sql.fw.xml
net.sourceforge.squirrel_sql.fw.gui.action;net.sourceforge.squirrel_sql.fw.datasetviewer
net.sourceforge.squirrel_sql.fw.gui.action;net.sourceforge.squirrel_sql.fw.datasetviewer.cellcomponent
net.sourceforge.squirrel_sql.fw.gui.action;net.sourceforge.squirrel_sql.fw.dialects
net.sourceforge.squirrel_sql.fw.gui.action;net.sourceforge.squirrel_sql.fw.gui
net.sourceforge.squirrel_sql.fw.gui.action;net.sourceforge.squirrel_sql.fw.gui.action.exportData
net.sourceforge.squirrel_sql.fw.gui.action;net.sourceforge.squirrel_sql.fw.gui.action.wikiTable
net.sourceforge.squirrel_sql.fw.gui.action;net.sourceforge.squirrel_sql.fw.resources
net.sourceforge.squirrel_sql.fw.gui.action;net.sourceforge.squirrel_sql.fw.sql
net.sourceforge.squirrel_sql.fw.gui.action;net.sourceforge.squirrel_sql.fw.util
net.sourceforge.squirrel_sql.fw.gui.action;net.sourceforge.squirrel_sql.fw.util.log
net.sourceforge.squirrel_sql.fw.gui.action.exportData;net.sourceforge.squirrel_sql.fw.datasetviewer
net.sourceforge.squirrel_sql.fw.gui.action.exportData;net.sourceforge.squirrel_sql.fw.datasetviewer.cellcomponent
net.sourceforge.squirrel_sql.fw.gui.action.exportData;net.sourceforge.squirrel_sql.fw.dialects
net.sourceforge.squirrel_sql.fw.gui.action.exportData;net.sourceforge.squirrel_sql.fw.gui.action
net.sourceforge.squirrel_sql.fw.gui.action.exportData;net.sourceforge.squirrel_sql.fw.sql
net.sourceforge.squirrel_sql.fw.gui.action.exportData;net.sourceforge.squirrel_sql.fw.util
net.sourceforge.squirrel_sql.fw.gui.action.exportData;net.sourceforge.squirrel_sql.fw.util.log
net.sourceforge.squirrel_sql.fw.gui.action.wikiTable;net.sourceforge.squirrel_sql.fw.datasetviewer.cellcomponent
net.sourceforge.squirrel_sql.fw.gui.action.wikiTable;net.sourceforge.squirrel_sql.fw.gui
net.sourceforge.squirrel_sql.fw.gui.action.wikiTable;net.sourceforge.squirrel_sql.fw.gui.action
net.sourceforge.squirrel_sql.fw.gui.action.wikiTable;net.sourceforge.squirrel_sql.fw.util
net.sourceforge.squirrel_sql.fw.persist;net.sourceforge.squirrel_sql.fw.util
net.sourceforge.squirrel_sql.fw.resources;net.sourceforge.squirrel_sql.fw.util
net.sourceforge.squirrel_sql.fw.sql;net.sourceforge.squirrel_sql.fw.datasetviewer
net.sourceforge.squirrel_sql.fw.sql;net.sourceforge.squirrel_sql.fw.datasetviewer.cellcomponent
net.sourceforge.squirrel_sql.fw.sql;net.sourceforge.squirrel_sql.fw.dialects
net.sourceforge.squirrel_sql.fw.sql;net.sourceforge.squirrel_sql.fw.id
net.sourceforge.squirrel_sql.fw.sql;net.sourceforge.squirrel_sql.fw.persist
net.sourceforge.squirrel_sql.fw.sql;net.sourceforge.squirrel_sql.fw.preferences
net.sourceforge.squirrel_sql.fw.sql;net.sourceforge.squirrel_sql.fw.resources
net.sourceforge.squirrel_sql.fw.sql;net.sourceforge.squirrel_sql.fw.sql.dbobj
net.sourceforge.squirrel_sql.fw.sql;net.sourceforge.squirrel_sql.fw.util
net.sourceforge.squirrel_sql.fw.sql;net.sourceforge.squirrel_sql.fw.util.beanwrapper
net.sourceforge.squirrel_sql.fw.sql;net.sourceforge.squirrel_sql.fw.util.log
net.sourceforge.squirrel_sql.fw.sql.dbobj;net.sourceforge.squirrel_sql.fw.sql
net.sourceforge.squirrel_sql.fw.sql.dbobj.adapter;net.sourceforge.squirrel_sql.fw.sql
net.sourceforge.squirrel_sql.fw.sql.dbobj.adapter;net.sourceforge.squirrel_sql.fw.sql.dbobj
net.sourceforge.squirrel_sql.fw.sql.dbobj.adapter;net.sourceforge.squirrel_sql.fw.util
net.sourceforge.squirrel_sql.fw.util;net.sourceforge.squirrel_sql.fw.id
net.sourceforge.squirrel_sql.fw.util;net.sourceforge.squirrel_sql.fw.sql
net.sourceforge.squirrel_sql.fw.util;net.sourceforge.squirrel_sql.fw.util.log
net.sourceforge.squirrel_sql.fw.util.log;net.sourceforge.squirrel_sql.fw.util
net.sourceforge.squirrel_sql.fw.xml;net.sourceforge.squirrel_sql.fw.id
net.sourceforge.squirrel_sql.fw.xml;net.sourceforge.squirrel_sql.fw.util
net.sourceforge.squirrel_sql.fw.xml;net.sourceforge.squirrel_sql.fw.util.beanwrapper
net.sourceforge.squirrel_sql.fw.xml;net.sourceforge.squirrel_sql.fw.util.log
