net.sourceforge.atunes;net.sourceforge.atunes.gui
net.sourceforge.atunes;net.sourceforge.atunes.gui.debug
net.sourceforge.atunes;net.sourceforge.atunes.kernel
net.sourceforge.atunes;net.sourceforge.atunes.model
net.sourceforge.atunes;net.sourceforge.atunes.utils
net.sourceforge.atunes.gui;net.sourceforge.atunes.gui.images
net.sourceforge.atunes.gui;net.sourceforge.atunes.kernel.modules.columns
net.sourceforge.atunes.gui;net.sourceforge.atunes.model
net.sourceforge.atunes.gui;net.sourceforge.atunes.utils
net.sourceforge.atunes.gui.debug;net.sourceforge.atunes.utils
net.sourceforge.atunes.gui.frame;net.sourceforge.atunes.gui
net.sourceforge.atunes.gui.frame;net.sourceforge.atunes.gui.views.controls
net.sourceforge.atunes.gui.frame;net.sourceforge.atunes.kernel.modules.navigator
net.sourceforge.atunes.gui.frame;net.sourceforge.atunes.model
net.sourceforge.atunes.gui.frame;net.sourceforge.atunes.utils
net.sourceforge.atunes.gui.images;net.sourceforge.atunes.model
net.sourceforge.atunes.gui.images;net.sourceforge.atunes.utils
net.sourceforge.atunes.gui.javafx;net.sourceforge.atunes
net.sourceforge.atunes.gui.javafx;net.sourceforge.atunes.gui
net.sourceforge.atunes.gui.javafx;net.sourceforge.atunes.model
net.sourceforge.atunes.gui.javafx;net.sourceforge.atunes.utils
net.sourceforge.atunes.gui.lookandfeel;net.sourceforge.atunes.gui
net.sourceforge.atunes.gui.lookandfeel;net.sourceforge.atunes.gui.views.controls
net.sourceforge.atunes.gui.lookandfeel;net.sourceforge.atunes.model
net.sourceforge.atunes.gui.lookandfeel;net.sourceforge.atunes.utils
net.sourceforge.atunes.gui.lookandfeel.substance;net.sourceforge.atunes.gui
net.sourceforge.atunes.gui.lookandfeel.substance;net.sourceforge.atunes.gui.lookandfeel
net.sourceforge.atunes.gui.lookandfeel.substance;net.sourceforge.atunes.gui.views.controls
net.sourceforge.atunes.gui.lookandfeel.substance;net.sourceforge.atunes.model
net.sourceforge.atunes.gui.lookandfeel.substance;net.sourceforge.atunes.utils
net.sourceforge.atunes.gui.lookandfeel.system;net.sourceforge.atunes.gui.lookandfeel
net.sourceforge.atunes.gui.lookandfeel.system;net.sourceforge.atunes.model
net.sourceforge.atunes.gui.lookandfeel.system;net.sourceforge.atunes.utils
net.sourceforge.atunes.gui.lookandfeel.system.macos;net.sourceforge.atunes.gui.lookandfeel.system
net.sourceforge.atunes.gui.lookandfeel.system.macos;net.sourceforge.atunes.model
net.sourceforge.atunes.gui.views.controls;net.sourceforge.atunes.gui
net.sourceforge.atunes.gui.views.controls;net.sourceforge.atunes.gui.images
net.sourceforge.atunes.gui.views.controls;net.sourceforge.atunes.gui.views
net.sourceforge.atunes.gui.views.controls;net.sourceforge.atunes.kernel.modules.draganddrop
net.sourceforge.atunes.gui.views.controls;net.sourceforge.atunes.model
net.sourceforge.atunes.gui.views.controls;net.sourceforge.atunes.utils
net.sourceforge.atunes.gui.views.decorators;net.sourceforge.atunes.gui
net.sourceforge.atunes.gui.views.decorators;net.sourceforge.atunes.model
net.sourceforge.atunes.gui.views.decorators;net.sourceforge.atunes.utils
net.sourceforge.atunes.gui.views.dialogs;net.sourceforge.atunes
net.sourceforge.atunes.gui.views.dialogs;net.sourceforge.atunes.gui
net.sourceforge.atunes.gui.views.dialogs;net.sourceforge.atunes.gui.images
net.sourceforge.atunes.gui.views.dialogs;net.sourceforge.atunes.gui.views.controls
net.sourceforge.atunes.gui.views.dialogs;net.sourceforge.atunes.kernel.modules.internetsearch
net.sourceforge.atunes.gui.views.dialogs;net.sourceforge.atunes.model
net.sourceforge.atunes.gui.views.dialogs;net.sourceforge.atunes.utils
net.sourceforge.atunes.gui.views.dialogs.properties;net.sourceforge.atunes
net.sourceforge.atunes.gui.views.dialogs.properties;net.sourceforge.atunes.gui.views.controls
net.sourceforge.atunes.gui.views.dialogs.properties;net.sourceforge.atunes.kernel
net.sourceforge.atunes.gui.views.dialogs.properties;net.sourceforge.atunes.kernel.modules.tags
net.sourceforge.atunes.gui.views.dialogs.properties;net.sourceforge.atunes.model
net.sourceforge.atunes.gui.views.dialogs.properties;net.sourceforge.atunes.utils
net.sourceforge.atunes.gui.views.menus;net.sourceforge.atunes.gui
net.sourceforge.atunes.gui.views.menus;net.sourceforge.atunes.kernel.actions
net.sourceforge.atunes.gui.views.menus;net.sourceforge.atunes.model
net.sourceforge.atunes.gui.views.menus;net.sourceforge.atunes.utils
net.sourceforge.atunes.gui.views.panels;net.sourceforge.atunes.gui.views.controls
net.sourceforge.atunes.gui.views.panels;net.sourceforge.atunes.kernel.modules.draganddrop
net.sourceforge.atunes.gui.views.panels;net.sourceforge.atunes.model
net.sourceforge.atunes.gui.views.panels;net.sourceforge.atunes.utils
net.sourceforge.atunes.kernel;net.sourceforge.atunes
net.sourceforge.atunes.kernel;net.sourceforge.atunes.gui
net.sourceforge.atunes.kernel;net.sourceforge.atunes.model
net.sourceforge.atunes.kernel;net.sourceforge.atunes.utils
net.sourceforge.atunes.kernel.actions;net.sourceforge.atunes.gui
net.sourceforge.atunes.kernel.actions;net.sourceforge.atunes.gui.views.controls
net.sourceforge.atunes.kernel.actions;net.sourceforge.atunes.gui.views.dialogs
net.sourceforge.atunes.kernel.actions;net.sourceforge.atunes.kernel
net.sourceforge.atunes.kernel.actions;net.sourceforge.atunes.kernel.modules.covernavigator
net.sourceforge.atunes.kernel.actions;net.sourceforge.atunes.kernel.modules.internetsearch
net.sourceforge.atunes.kernel.actions;net.sourceforge.atunes.kernel.modules.pattern
net.sourceforge.atunes.kernel.actions;net.sourceforge.atunes.kernel.modules.podcast
net.sourceforge.atunes.kernel.actions;net.sourceforge.atunes.kernel.modules.process
net.sourceforge.atunes.kernel.actions;net.sourceforge.atunes.kernel.modules.repository
net.sourceforge.atunes.kernel.actions;net.sourceforge.atunes.kernel.modules.webservices
net.sourceforge.atunes.kernel.actions;net.sourceforge.atunes.model
net.sourceforge.atunes.kernel.actions;net.sourceforge.atunes.utils
net.sourceforge.atunes.kernel.modules.cdripper;net.sourceforge.atunes.gui
net.sourceforge.atunes.kernel.modules.cdripper;net.sourceforge.atunes.gui.autocomplete
net.sourceforge.atunes.kernel.modules.cdripper;net.sourceforge.atunes.gui.images
net.sourceforge.atunes.kernel.modules.cdripper;net.sourceforge.atunes.gui.views.controls
net.sourceforge.atunes.kernel.modules.cdripper;net.sourceforge.atunes.kernel
net.sourceforge.atunes.kernel.modules.cdripper;net.sourceforge.atunes.kernel.actions
net.sourceforge.atunes.kernel.modules.cdripper;net.sourceforge.atunes.kernel.modules.pattern
net.sourceforge.atunes.kernel.modules.cdripper;net.sourceforge.atunes.kernel.modules.repository
net.sourceforge.atunes.kernel.modules.cdripper;net.sourceforge.atunes.kernel.modules.tags
net.sourceforge.atunes.kernel.modules.cdripper;net.sourceforge.atunes.model
net.sourceforge.atunes.kernel.modules.cdripper;net.sourceforge.atunes.utils
net.sourceforge.atunes.kernel.modules.columns;net.sourceforge.atunes.gui
net.sourceforge.atunes.kernel.modules.columns;net.sourceforge.atunes.kernel.modules.process
net.sourceforge.atunes.kernel.modules.columns;net.sourceforge.atunes.model
net.sourceforge.atunes.kernel.modules.columns;net.sourceforge.atunes.utils
net.sourceforge.atunes.kernel.modules.command;net.sourceforge.atunes.kernel
net.sourceforge.atunes.kernel.modules.command;net.sourceforge.atunes.kernel.actions
net.sourceforge.atunes.kernel.modules.command;net.sourceforge.atunes.model
net.sourceforge.atunes.kernel.modules.command;net.sourceforge.atunes.utils
net.sourceforge.atunes.kernel.modules.context;net.sourceforge.atunes.gui
net.sourceforge.atunes.kernel.modules.context;net.sourceforge.atunes.gui.views.controls
net.sourceforge.atunes.kernel.modules.context;net.sourceforge.atunes.kernel
net.sourceforge.atunes.kernel.modules.context;net.sourceforge.atunes.model
net.sourceforge.atunes.kernel.modules.context;net.sourceforge.atunes.utils
net.sourceforge.atunes.kernel.modules.context.album;net.sourceforge.atunes
net.sourceforge.atunes.kernel.modules.context.album;net.sourceforge.atunes.gui.images
net.sourceforge.atunes.kernel.modules.context.album;net.sourceforge.atunes.gui.views.controls
net.sourceforge.atunes.kernel.modules.context.album;net.sourceforge.atunes.kernel.modules.context
net.sourceforge.atunes.kernel.modules.context.album;net.sourceforge.atunes.model
net.sourceforge.atunes.kernel.modules.context.album;net.sourceforge.atunes.utils
net.sourceforge.atunes.kernel.modules.context.artist;net.sourceforge.atunes.gui
net.sourceforge.atunes.kernel.modules.context.artist;net.sourceforge.atunes.gui.views.controls
net.sourceforge.atunes.kernel.modules.context.artist;net.sourceforge.atunes.kernel.modules.context
net.sourceforge.atunes.kernel.modules.context.artist;net.sourceforge.atunes.model
net.sourceforge.atunes.kernel.modules.context.artist;net.sourceforge.atunes.utils
net.sourceforge.atunes.kernel.modules.context.audioobject;net.sourceforge.atunes
net.sourceforge.atunes.kernel.modules.context.audioobject;net.sourceforge.atunes.kernel.modules.context
net.sourceforge.atunes.kernel.modules.context.audioobject;net.sourceforge.atunes.kernel.modules.webservices.lyrics
net.sourceforge.atunes.kernel.modules.context.audioobject;net.sourceforge.atunes.model
net.sourceforge.atunes.kernel.modules.context.audioobject;net.sourceforge.atunes.utils
net.sourceforge.atunes.kernel.modules.context.similar;net.sourceforge.atunes.gui
net.sourceforge.atunes.kernel.modules.context.similar;net.sourceforge.atunes.gui.views
net.sourceforge.atunes.kernel.modules.context.similar;net.sourceforge.atunes.kernel.modules.context
net.sourceforge.atunes.kernel.modules.context.similar;net.sourceforge.atunes.kernel.modules.draganddrop
net.sourceforge.atunes.kernel.modules.context.similar;net.sourceforge.atunes.model
net.sourceforge.atunes.kernel.modules.context.similar;net.sourceforge.atunes.utils
net.sourceforge.atunes.kernel.modules.context.youtube;net.sourceforge.atunes.kernel.modules.context
net.sourceforge.atunes.kernel.modules.context.youtube;net.sourceforge.atunes.kernel.modules.internetsearch
net.sourceforge.atunes.kernel.modules.context.youtube;net.sourceforge.atunes.kernel.modules.webservices.youtube
net.sourceforge.atunes.kernel.modules.context.youtube;net.sourceforge.atunes.model
net.sourceforge.atunes.kernel.modules.context.youtube;net.sourceforge.atunes.utils
net.sourceforge.atunes.kernel.modules.covernavigator;net.sourceforge.atunes
net.sourceforge.atunes.kernel.modules.covernavigator;net.sourceforge.atunes.gui
net.sourceforge.atunes.kernel.modules.covernavigator;net.sourceforge.atunes.gui.views.dialogs
net.sourceforge.atunes.kernel.modules.covernavigator;net.sourceforge.atunes.kernel
net.sourceforge.atunes.kernel.modules.covernavigator;net.sourceforge.atunes.kernel.modules.process
net.sourceforge.atunes.kernel.modules.covernavigator;net.sourceforge.atunes.model
net.sourceforge.atunes.kernel.modules.covernavigator;net.sourceforge.atunes.utils
net.sourceforge.atunes.kernel.modules.draganddrop;net.sourceforge.atunes.gui
net.sourceforge.atunes.kernel.modules.draganddrop;net.sourceforge.atunes.model
net.sourceforge.atunes.kernel.modules.draganddrop;net.sourceforge.atunes.utils
net.sourceforge.atunes.kernel.modules.favorites;net.sourceforge.atunes.kernel
net.sourceforge.atunes.kernel.modules.favorites;net.sourceforge.atunes.kernel.modules.webservices
net.sourceforge.atunes.kernel.modules.favorites;net.sourceforge.atunes.model
net.sourceforge.atunes.kernel.modules.favorites;net.sourceforge.atunes.utils
net.sourceforge.atunes.kernel.modules.filter;net.sourceforge.atunes.gui.views.panels
net.sourceforge.atunes.kernel.modules.filter;net.sourceforge.atunes.kernel
net.sourceforge.atunes.kernel.modules.filter;net.sourceforge.atunes.kernel.modules.playlist
net.sourceforge.atunes.kernel.modules.filter;net.sourceforge.atunes.model
net.sourceforge.atunes.kernel.modules.filter;net.sourceforge.atunes.utils
net.sourceforge.atunes.kernel.modules.fullscreen;net.sourceforge.atunes.gui
net.sourceforge.atunes.kernel.modules.fullscreen;net.sourceforge.atunes.gui.images
net.sourceforge.atunes.kernel.modules.fullscreen;net.sourceforge.atunes.gui.views.controls
net.sourceforge.atunes.kernel.modules.fullscreen;net.sourceforge.atunes.kernel
net.sourceforge.atunes.kernel.modules.fullscreen;net.sourceforge.atunes.model
net.sourceforge.atunes.kernel.modules.fullscreen;net.sourceforge.atunes.utils
net.sourceforge.atunes.kernel.modules.hotkeys;net.sourceforge.atunes.kernel
net.sourceforge.atunes.kernel.modules.hotkeys;net.sourceforge.atunes.kernel.actions
net.sourceforge.atunes.kernel.modules.hotkeys;net.sourceforge.atunes.model
net.sourceforge.atunes.kernel.modules.hotkeys;net.sourceforge.atunes.utils
net.sourceforge.atunes.kernel.modules.instances;net.sourceforge.atunes.kernel
net.sourceforge.atunes.kernel.modules.instances;net.sourceforge.atunes.model
net.sourceforge.atunes.kernel.modules.instances;net.sourceforge.atunes.utils
net.sourceforge.atunes.kernel.modules.internetsearch;net.sourceforge.atunes.model
net.sourceforge.atunes.kernel.modules.internetsearch;net.sourceforge.atunes.utils
net.sourceforge.atunes.kernel.modules.navigator;net.sourceforge.atunes.gui
net.sourceforge.atunes.kernel.modules.navigator;net.sourceforge.atunes.gui.views.controls
net.sourceforge.atunes.kernel.modules.navigator;net.sourceforge.atunes.gui.views.decorators
net.sourceforge.atunes.kernel.modules.navigator;net.sourceforge.atunes.gui.views.dialogs
net.sourceforge.atunes.kernel.modules.navigator;net.sourceforge.atunes.gui.views.menus
net.sourceforge.atunes.kernel.modules.navigator;net.sourceforge.atunes.kernel
net.sourceforge.atunes.kernel.modules.navigator;net.sourceforge.atunes.kernel.actions
net.sourceforge.atunes.kernel.modules.navigator;net.sourceforge.atunes.kernel.modules.columns
net.sourceforge.atunes.kernel.modules.navigator;net.sourceforge.atunes.kernel.modules.draganddrop
net.sourceforge.atunes.kernel.modules.navigator;net.sourceforge.atunes.kernel.modules.podcast
net.sourceforge.atunes.kernel.modules.navigator;net.sourceforge.atunes.kernel.modules.radio
net.sourceforge.atunes.kernel.modules.navigator;net.sourceforge.atunes.kernel.modules.repository
net.sourceforge.atunes.kernel.modules.navigator;net.sourceforge.atunes.model
net.sourceforge.atunes.kernel.modules.navigator;net.sourceforge.atunes.utils
net.sourceforge.atunes.kernel.modules.network;net.sourceforge.atunes.kernel
net.sourceforge.atunes.kernel.modules.network;net.sourceforge.atunes.model
net.sourceforge.atunes.kernel.modules.network;net.sourceforge.atunes.utils
net.sourceforge.atunes.kernel.modules.notify;net.sourceforge.atunes.gui
net.sourceforge.atunes.kernel.modules.notify;net.sourceforge.atunes.gui.views.dialogs
net.sourceforge.atunes.kernel.modules.notify;net.sourceforge.atunes.kernel
net.sourceforge.atunes.kernel.modules.notify;net.sourceforge.atunes.model
net.sourceforge.atunes.kernel.modules.notify;net.sourceforge.atunes.utils
net.sourceforge.atunes.kernel.modules.os;net.sourceforge.atunes.gui
net.sourceforge.atunes.kernel.modules.os;net.sourceforge.atunes.gui.lookandfeel.substance
net.sourceforge.atunes.kernel.modules.os;net.sourceforge.atunes.gui.lookandfeel.system
net.sourceforge.atunes.kernel.modules.os;net.sourceforge.atunes.gui.lookandfeel.system.macos
net.sourceforge.atunes.kernel.modules.os;net.sourceforge.atunes.gui.views.controls
net.sourceforge.atunes.kernel.modules.os;net.sourceforge.atunes.kernel
net.sourceforge.atunes.kernel.modules.os;net.sourceforge.atunes.kernel.modules.player.mplayer
net.sourceforge.atunes.kernel.modules.os;net.sourceforge.atunes.kernel.modules.tray
net.sourceforge.atunes.kernel.modules.os;net.sourceforge.atunes.model
net.sourceforge.atunes.kernel.modules.os;net.sourceforge.atunes.utils
net.sourceforge.atunes.kernel.modules.pattern;net.sourceforge.atunes.gui.images
net.sourceforge.atunes.kernel.modules.pattern;net.sourceforge.atunes.gui.views.controls
net.sourceforge.atunes.kernel.modules.pattern;net.sourceforge.atunes.model
net.sourceforge.atunes.kernel.modules.pattern;net.sourceforge.atunes.utils
net.sourceforge.atunes.kernel.modules.player;net.sourceforge.atunes
net.sourceforge.atunes.kernel.modules.player;net.sourceforge.atunes.gui
net.sourceforge.atunes.kernel.modules.player;net.sourceforge.atunes.gui.views.controls
net.sourceforge.atunes.kernel.modules.player;net.sourceforge.atunes.gui.views.panels
net.sourceforge.atunes.kernel.modules.player;net.sourceforge.atunes.kernel
net.sourceforge.atunes.kernel.modules.player;net.sourceforge.atunes.kernel.actions
net.sourceforge.atunes.kernel.modules.player;net.sourceforge.atunes.model
net.sourceforge.atunes.kernel.modules.player;net.sourceforge.atunes.utils
net.sourceforge.atunes.kernel.modules.player.mplayer;net.sourceforge.atunes.kernel.modules.player
net.sourceforge.atunes.kernel.modules.player.mplayer;net.sourceforge.atunes.model
net.sourceforge.atunes.kernel.modules.player.mplayer;net.sourceforge.atunes.utils
net.sourceforge.atunes.kernel.modules.playlist;net.sourceforge.atunes.gui
net.sourceforge.atunes.kernel.modules.playlist;net.sourceforge.atunes.gui.views.controls
net.sourceforge.atunes.kernel.modules.playlist;net.sourceforge.atunes.gui.views.menus
net.sourceforge.atunes.kernel.modules.playlist;net.sourceforge.atunes.gui.views.panels
net.sourceforge.atunes.kernel.modules.playlist;net.sourceforge.atunes.kernel
net.sourceforge.atunes.kernel.modules.playlist;net.sourceforge.atunes.kernel.actions
net.sourceforge.atunes.kernel.modules.playlist;net.sourceforge.atunes.model
net.sourceforge.atunes.kernel.modules.playlist;net.sourceforge.atunes.utils
net.sourceforge.atunes.kernel.modules.podcast;net.sourceforge.atunes.gui
net.sourceforge.atunes.kernel.modules.podcast;net.sourceforge.atunes.gui.views.controls
net.sourceforge.atunes.kernel.modules.podcast;net.sourceforge.atunes.kernel
net.sourceforge.atunes.kernel.modules.podcast;net.sourceforge.atunes.model
net.sourceforge.atunes.kernel.modules.podcast;net.sourceforge.atunes.utils
net.sourceforge.atunes.kernel.modules.process;net.sourceforge.atunes.gui
net.sourceforge.atunes.kernel.modules.process;net.sourceforge.atunes.kernel.modules.pattern
net.sourceforge.atunes.kernel.modules.process;net.sourceforge.atunes.model
net.sourceforge.atunes.kernel.modules.process;net.sourceforge.atunes.utils
net.sourceforge.atunes.kernel.modules.radio;net.sourceforge.atunes.gui.views.controls
net.sourceforge.atunes.kernel.modules.radio;net.sourceforge.atunes.kernel
net.sourceforge.atunes.kernel.modules.radio;net.sourceforge.atunes.model
net.sourceforge.atunes.kernel.modules.radio;net.sourceforge.atunes.utils
net.sourceforge.atunes.kernel.modules.repository;net.sourceforge.atunes.gui
net.sourceforge.atunes.kernel.modules.repository;net.sourceforge.atunes.kernel
net.sourceforge.atunes.kernel.modules.repository;net.sourceforge.atunes.kernel.actions
net.sourceforge.atunes.kernel.modules.repository;net.sourceforge.atunes.kernel.modules.process
net.sourceforge.atunes.kernel.modules.repository;net.sourceforge.atunes.model
net.sourceforge.atunes.kernel.modules.repository;net.sourceforge.atunes.utils
net.sourceforge.atunes.kernel.modules.search;net.sourceforge.atunes.gui
net.sourceforge.atunes.kernel.modules.search;net.sourceforge.atunes.gui.views.controls
net.sourceforge.atunes.kernel.modules.search;net.sourceforge.atunes.gui.views.dialogs
net.sourceforge.atunes.kernel.modules.search;net.sourceforge.atunes.kernel
net.sourceforge.atunes.kernel.modules.search;net.sourceforge.atunes.kernel.modules.columns
net.sourceforge.atunes.kernel.modules.search;net.sourceforge.atunes.model
net.sourceforge.atunes.kernel.modules.search;net.sourceforge.atunes.utils
net.sourceforge.atunes.kernel.modules.state;net.sourceforge.atunes.gui
net.sourceforge.atunes.kernel.modules.state;net.sourceforge.atunes.gui.frame
net.sourceforge.atunes.kernel.modules.state;net.sourceforge.atunes.gui.images
net.sourceforge.atunes.kernel.modules.state;net.sourceforge.atunes.gui.views.controls
net.sourceforge.atunes.kernel.modules.state;net.sourceforge.atunes.gui.views.dialogs
net.sourceforge.atunes.kernel.modules.state;net.sourceforge.atunes.kernel
net.sourceforge.atunes.kernel.modules.state;net.sourceforge.atunes.kernel.actions
net.sourceforge.atunes.kernel.modules.state;net.sourceforge.atunes.kernel.modules.navigator
net.sourceforge.atunes.kernel.modules.state;net.sourceforge.atunes.kernel.modules.pattern
net.sourceforge.atunes.kernel.modules.state;net.sourceforge.atunes.model
net.sourceforge.atunes.kernel.modules.state;net.sourceforge.atunes.utils
net.sourceforge.atunes.kernel.modules.statistics;net.sourceforge.atunes
net.sourceforge.atunes.kernel.modules.statistics;net.sourceforge.atunes.gui
net.sourceforge.atunes.kernel.modules.statistics;net.sourceforge.atunes.gui.views.controls
net.sourceforge.atunes.kernel.modules.statistics;net.sourceforge.atunes.kernel
net.sourceforge.atunes.kernel.modules.statistics;net.sourceforge.atunes.model
net.sourceforge.atunes.kernel.modules.statistics;net.sourceforge.atunes.utils
net.sourceforge.atunes.kernel.modules.tags;net.sourceforge.atunes.gui.autocomplete
net.sourceforge.atunes.kernel.modules.tags;net.sourceforge.atunes.gui.views.controls
net.sourceforge.atunes.kernel.modules.tags;net.sourceforge.atunes.gui.views.dialogs
net.sourceforge.atunes.kernel.modules.tags;net.sourceforge.atunes.kernel
net.sourceforge.atunes.kernel.modules.tags;net.sourceforge.atunes.kernel.modules.pattern
net.sourceforge.atunes.kernel.modules.tags;net.sourceforge.atunes.kernel.modules.process
net.sourceforge.atunes.kernel.modules.tags;net.sourceforge.atunes.kernel.modules.repository
net.sourceforge.atunes.kernel.modules.tags;net.sourceforge.atunes.model
net.sourceforge.atunes.kernel.modules.tags;net.sourceforge.atunes.utils
net.sourceforge.atunes.kernel.modules.tray;net.sourceforge.atunes
net.sourceforge.atunes.kernel.modules.tray;net.sourceforge.atunes.gui
net.sourceforge.atunes.kernel.modules.tray;net.sourceforge.atunes.gui.images
net.sourceforge.atunes.kernel.modules.tray;net.sourceforge.atunes.gui.views.controls
net.sourceforge.atunes.kernel.modules.tray;net.sourceforge.atunes.kernel
net.sourceforge.atunes.kernel.modules.tray;net.sourceforge.atunes.kernel.actions
net.sourceforge.atunes.kernel.modules.tray;net.sourceforge.atunes.model
net.sourceforge.atunes.kernel.modules.tray;net.sourceforge.atunes.utils
net.sourceforge.atunes.kernel.modules.ui;net.sourceforge.atunes
net.sourceforge.atunes.kernel.modules.ui;net.sourceforge.atunes.gui
net.sourceforge.atunes.kernel.modules.ui;net.sourceforge.atunes.gui.frame
net.sourceforge.atunes.kernel.modules.ui;net.sourceforge.atunes.kernel
net.sourceforge.atunes.kernel.modules.ui;net.sourceforge.atunes.model
net.sourceforge.atunes.kernel.modules.ui;net.sourceforge.atunes.utils
net.sourceforge.atunes.kernel.modules.updates;net.sourceforge.atunes
net.sourceforge.atunes.kernel.modules.updates;net.sourceforge.atunes.kernel
net.sourceforge.atunes.kernel.modules.updates;net.sourceforge.atunes.model
net.sourceforge.atunes.kernel.modules.updates;net.sourceforge.atunes.utils
net.sourceforge.atunes.kernel.modules.webservices;net.sourceforge.atunes.kernel
net.sourceforge.atunes.kernel.modules.webservices;net.sourceforge.atunes.kernel.actions
net.sourceforge.atunes.kernel.modules.webservices;net.sourceforge.atunes.kernel.modules.webservices.lastfm
net.sourceforge.atunes.kernel.modules.webservices;net.sourceforge.atunes.model
net.sourceforge.atunes.kernel.modules.webservices.lastfm;net.sourceforge.atunes.kernel.modules.webservices.lastfm.data
net.sourceforge.atunes.kernel.modules.webservices.lastfm;net.sourceforge.atunes.model
net.sourceforge.atunes.kernel.modules.webservices.lastfm;net.sourceforge.atunes.utils
net.sourceforge.atunes.kernel.modules.webservices.lastfm.data;net.sourceforge.atunes.model
net.sourceforge.atunes.kernel.modules.webservices.lastfm.data;net.sourceforge.atunes.utils
net.sourceforge.atunes.kernel.modules.webservices.lyrics;net.sourceforge.atunes.model
net.sourceforge.atunes.kernel.modules.webservices.lyrics;net.sourceforge.atunes.utils
net.sourceforge.atunes.kernel.modules.webservices.youtube;net.sourceforge.atunes.model
net.sourceforge.atunes.kernel.modules.webservices.youtube;net.sourceforge.atunes.utils
net.sourceforge.atunes.model;net.sourceforge.atunes.gui.views.controls
net.sourceforge.atunes.model;net.sourceforge.atunes.kernel
net.sourceforge.atunes.utils;net.sourceforge.atunes.kernel
net.sourceforge.atunes.utils;net.sourceforge.atunes.model
