org.eclipse.jetty.alpn.client;org.eclipse.jetty.alpn
org.eclipse.jetty.alpn.client;org.eclipse.jetty.io
org.eclipse.jetty.alpn.client;org.eclipse.jetty.util.log
org.eclipse.jetty.alpn.server;org.eclipse.jetty.alpn
org.eclipse.jetty.alpn.server;org.eclipse.jetty.io
org.eclipse.jetty.alpn.server;org.eclipse.jetty.server
org.eclipse.jetty.alpn.server;org.eclipse.jetty.util.annotation
org.eclipse.jetty.alpn.server;org.eclipse.jetty.util.log
org.eclipse.jetty.annotations;org.eclipse.jetty.plus.annotation
org.eclipse.jetty.annotations;org.eclipse.jetty.plus.jndi
org.eclipse.jetty.annotations;org.eclipse.jetty.security
org.eclipse.jetty.annotations;org.eclipse.jetty.server
org.eclipse.jetty.annotations;org.eclipse.jetty.server.handler
org.eclipse.jetty.annotations;org.eclipse.jetty.servlet
org.eclipse.jetty.annotations;org.eclipse.jetty.util
org.eclipse.jetty.annotations;org.eclipse.jetty.util.component
org.eclipse.jetty.annotations;org.eclipse.jetty.util.log
org.eclipse.jetty.annotations;org.eclipse.jetty.util.resource
org.eclipse.jetty.annotations;org.eclipse.jetty.util.security
org.eclipse.jetty.annotations;org.eclipse.jetty.util.statistic
org.eclipse.jetty.annotations;org.eclipse.jetty.util.thread
org.eclipse.jetty.annotations;org.eclipse.jetty.webapp
org.eclipse.jetty.apache.jsp;org.eclipse.jetty.util.log
org.eclipse.jetty.cdi;org.eclipse.jetty.deploy
org.eclipse.jetty.cdi;org.eclipse.jetty.deploy.graph
org.eclipse.jetty.cdi;org.eclipse.jetty.plus.jndi
org.eclipse.jetty.cdi;org.eclipse.jetty.server.handler
org.eclipse.jetty.cdi;org.eclipse.jetty.webapp
org.eclipse.jetty.client;org.eclipse.jetty.client.api
org.eclipse.jetty.client;org.eclipse.jetty.client.http
org.eclipse.jetty.client;org.eclipse.jetty.client.util
org.eclipse.jetty.client;org.eclipse.jetty.http
org.eclipse.jetty.client;org.eclipse.jetty.io
org.eclipse.jetty.client;org.eclipse.jetty.io.ssl
org.eclipse.jetty.client;org.eclipse.jetty.util
org.eclipse.jetty.client;org.eclipse.jetty.util.component
org.eclipse.jetty.client;org.eclipse.jetty.util.log
org.eclipse.jetty.client;org.eclipse.jetty.util.ssl
org.eclipse.jetty.client;org.eclipse.jetty.util.thread
org.eclipse.jetty.client.api;org.eclipse.jetty.http
org.eclipse.jetty.client.api;org.eclipse.jetty.util
org.eclipse.jetty.client.http;org.eclipse.jetty.client
org.eclipse.jetty.client.http;org.eclipse.jetty.client.api
org.eclipse.jetty.client.http;org.eclipse.jetty.http
org.eclipse.jetty.client.http;org.eclipse.jetty.io
org.eclipse.jetty.client.http;org.eclipse.jetty.util
org.eclipse.jetty.client.http;org.eclipse.jetty.util.log
org.eclipse.jetty.client.util;org.eclipse.jetty.client
org.eclipse.jetty.client.util;org.eclipse.jetty.client.api
org.eclipse.jetty.client.util;org.eclipse.jetty.http
org.eclipse.jetty.client.util;org.eclipse.jetty.util
org.eclipse.jetty.client.util;org.eclipse.jetty.util.log
org.eclipse.jetty.deploy;org.eclipse.jetty.deploy.bindings
org.eclipse.jetty.deploy;org.eclipse.jetty.deploy.graph
org.eclipse.jetty.deploy;org.eclipse.jetty.server
org.eclipse.jetty.deploy;org.eclipse.jetty.server.handler
org.eclipse.jetty.deploy;org.eclipse.jetty.util
org.eclipse.jetty.deploy;org.eclipse.jetty.util.annotation
org.eclipse.jetty.deploy;org.eclipse.jetty.util.component
org.eclipse.jetty.deploy;org.eclipse.jetty.util.log
org.eclipse.jetty.deploy;org.eclipse.jetty.util.resource
org.eclipse.jetty.deploy.bindings;org.eclipse.jetty.deploy
org.eclipse.jetty.deploy.bindings;org.eclipse.jetty.deploy.graph
org.eclipse.jetty.deploy.bindings;org.eclipse.jetty.server
org.eclipse.jetty.deploy.bindings;org.eclipse.jetty.server.handler
org.eclipse.jetty.deploy.bindings;org.eclipse.jetty.util.log
org.eclipse.jetty.deploy.bindings;org.eclipse.jetty.util.resource
org.eclipse.jetty.deploy.bindings;org.eclipse.jetty.webapp
org.eclipse.jetty.deploy.bindings;org.eclipse.jetty.xml
org.eclipse.jetty.deploy.graph;org.eclipse.jetty.util
org.eclipse.jetty.deploy.jmx;org.eclipse.jetty.deploy
org.eclipse.jetty.deploy.jmx;org.eclipse.jetty.deploy.graph
org.eclipse.jetty.deploy.jmx;org.eclipse.jetty.jmx
org.eclipse.jetty.deploy.jmx;org.eclipse.jetty.server.handler
org.eclipse.jetty.deploy.providers;org.eclipse.jetty.deploy
org.eclipse.jetty.deploy.providers;org.eclipse.jetty.deploy.util
org.eclipse.jetty.deploy.providers;org.eclipse.jetty.server
org.eclipse.jetty.deploy.providers;org.eclipse.jetty.server.handler
org.eclipse.jetty.deploy.providers;org.eclipse.jetty.util
org.eclipse.jetty.deploy.providers;org.eclipse.jetty.util.annotation
org.eclipse.jetty.deploy.providers;org.eclipse.jetty.util.component
org.eclipse.jetty.deploy.providers;org.eclipse.jetty.util.log
org.eclipse.jetty.deploy.providers;org.eclipse.jetty.util.resource
org.eclipse.jetty.deploy.providers;org.eclipse.jetty.webapp
org.eclipse.jetty.deploy.providers;org.eclipse.jetty.xml
org.eclipse.jetty.fcgi.client.http;org.eclipse.jetty.client
org.eclipse.jetty.fcgi.client.http;org.eclipse.jetty.client.api
org.eclipse.jetty.fcgi.client.http;org.eclipse.jetty.fcgi
org.eclipse.jetty.fcgi.client.http;org.eclipse.jetty.fcgi.generator
org.eclipse.jetty.fcgi.client.http;org.eclipse.jetty.fcgi.parser
org.eclipse.jetty.fcgi.client.http;org.eclipse.jetty.http
org.eclipse.jetty.fcgi.client.http;org.eclipse.jetty.io
org.eclipse.jetty.fcgi.client.http;org.eclipse.jetty.util
org.eclipse.jetty.fcgi.client.http;org.eclipse.jetty.util.log
org.eclipse.jetty.fcgi.client.http;org.eclipse.jetty.util.thread
org.eclipse.jetty.fcgi.generator;org.eclipse.jetty.fcgi
org.eclipse.jetty.fcgi.generator;org.eclipse.jetty.http
org.eclipse.jetty.fcgi.generator;org.eclipse.jetty.io
org.eclipse.jetty.fcgi.generator;org.eclipse.jetty.util
org.eclipse.jetty.fcgi.generator;org.eclipse.jetty.util.log
org.eclipse.jetty.fcgi.parser;org.eclipse.jetty.fcgi
org.eclipse.jetty.fcgi.parser;org.eclipse.jetty.http
org.eclipse.jetty.fcgi.parser;org.eclipse.jetty.util.log
org.eclipse.jetty.fcgi.server;org.eclipse.jetty.fcgi
org.eclipse.jetty.fcgi.server;org.eclipse.jetty.fcgi.generator
org.eclipse.jetty.fcgi.server;org.eclipse.jetty.fcgi.parser
org.eclipse.jetty.fcgi.server;org.eclipse.jetty.http
org.eclipse.jetty.fcgi.server;org.eclipse.jetty.io
org.eclipse.jetty.fcgi.server;org.eclipse.jetty.server
org.eclipse.jetty.fcgi.server;org.eclipse.jetty.util
org.eclipse.jetty.fcgi.server;org.eclipse.jetty.util.log
org.eclipse.jetty.fcgi.server.proxy;org.eclipse.jetty.client
org.eclipse.jetty.fcgi.server.proxy;org.eclipse.jetty.client.api
org.eclipse.jetty.fcgi.server.proxy;org.eclipse.jetty.fcgi.client.http
org.eclipse.jetty.fcgi.server.proxy;org.eclipse.jetty.http
org.eclipse.jetty.fcgi.server.proxy;org.eclipse.jetty.proxy
org.eclipse.jetty.fcgi.server.proxy;org.eclipse.jetty.util.ssl
org.eclipse.jetty.http;org.eclipse.jetty.util
org.eclipse.jetty.http;org.eclipse.jetty.util.log
org.eclipse.jetty.http;org.eclipse.jetty.util.resource
org.eclipse.jetty.io;org.eclipse.jetty.util
org.eclipse.jetty.io;org.eclipse.jetty.util.annotation
org.eclipse.jetty.io;org.eclipse.jetty.util.component
org.eclipse.jetty.io;org.eclipse.jetty.util.log
org.eclipse.jetty.io;org.eclipse.jetty.util.thread
org.eclipse.jetty.io.ssl;org.eclipse.jetty.io
org.eclipse.jetty.io.ssl;org.eclipse.jetty.util
org.eclipse.jetty.io.ssl;org.eclipse.jetty.util.log
org.eclipse.jetty.io.ssl;org.eclipse.jetty.util.ssl
org.eclipse.jetty.io.ssl;org.eclipse.jetty.util.thread
org.eclipse.jetty.jaas;org.eclipse.jetty.jaas.callback
org.eclipse.jetty.jaas;org.eclipse.jetty.security
org.eclipse.jetty.jaas;org.eclipse.jetty.server
org.eclipse.jetty.jaas;org.eclipse.jetty.util
org.eclipse.jetty.jaas;org.eclipse.jetty.util.component
org.eclipse.jetty.jaas;org.eclipse.jetty.util.log
org.eclipse.jetty.jaas.callback;org.eclipse.jetty.server
org.eclipse.jetty.jaas.callback;org.eclipse.jetty.util.security
org.eclipse.jetty.jaas.spi;org.eclipse.jetty.jaas
org.eclipse.jetty.jaas.spi;org.eclipse.jetty.jaas.callback
org.eclipse.jetty.jaas.spi;org.eclipse.jetty.security
org.eclipse.jetty.jaas.spi;org.eclipse.jetty.server
org.eclipse.jetty.jaas.spi;org.eclipse.jetty.util
org.eclipse.jetty.jaas.spi;org.eclipse.jetty.util.log
org.eclipse.jetty.jaas.spi;org.eclipse.jetty.util.security
org.eclipse.jetty.jmx;org.eclipse.jetty.util
org.eclipse.jetty.jmx;org.eclipse.jetty.util.annotation
org.eclipse.jetty.jmx;org.eclipse.jetty.util.component
org.eclipse.jetty.jmx;org.eclipse.jetty.util.log
org.eclipse.jetty.jmx;org.eclipse.jetty.util.thread
org.eclipse.jetty.jndi;org.eclipse.jetty.jndi.local
org.eclipse.jetty.jndi;org.eclipse.jetty.server.handler
org.eclipse.jetty.jndi;org.eclipse.jetty.util.component
org.eclipse.jetty.jndi;org.eclipse.jetty.util.log
org.eclipse.jetty.jndi.factories;org.eclipse.jetty.util.security
org.eclipse.jetty.jndi.java;org.eclipse.jetty.jndi
org.eclipse.jetty.jndi.java;org.eclipse.jetty.util.log
org.eclipse.jetty.jndi.local;org.eclipse.jetty.jndi
org.eclipse.jetty.jndi.local;org.eclipse.jetty.util.log
org.eclipse.jetty.jsp;org.eclipse.jetty.server.handler
org.eclipse.jetty.jsp;org.eclipse.jetty.util
org.eclipse.jetty.jsp;org.eclipse.jetty.util.resource
org.eclipse.jetty.monitor;org.eclipse.jetty.monitor.jmx
org.eclipse.jetty.monitor;org.eclipse.jetty.monitor.thread
org.eclipse.jetty.monitor;org.eclipse.jetty.util.annotation
org.eclipse.jetty.monitor;org.eclipse.jetty.util.component
org.eclipse.jetty.monitor;org.eclipse.jetty.util.log
org.eclipse.jetty.monitor;org.eclipse.jetty.xml
org.eclipse.jetty.monitor.integration;org.eclipse.jetty.client
org.eclipse.jetty.monitor.integration;org.eclipse.jetty.client.api
org.eclipse.jetty.monitor.integration;org.eclipse.jetty.client.util
org.eclipse.jetty.monitor.integration;org.eclipse.jetty.monitor
org.eclipse.jetty.monitor.integration;org.eclipse.jetty.monitor.jmx
org.eclipse.jetty.monitor.integration;org.eclipse.jetty.monitor.triggers
org.eclipse.jetty.monitor.integration;org.eclipse.jetty.util.annotation
org.eclipse.jetty.monitor.integration;org.eclipse.jetty.util.log
org.eclipse.jetty.monitor.integration;org.eclipse.jetty.util.thread
org.eclipse.jetty.monitor.jmx;org.eclipse.jetty.util.log
org.eclipse.jetty.monitor.jmx;org.eclipse.jetty.util.thread
org.eclipse.jetty.monitor.triggers;org.eclipse.jetty.monitor
org.eclipse.jetty.monitor.triggers;org.eclipse.jetty.monitor.jmx
org.eclipse.jetty.monitor.triggers;org.eclipse.jetty.util.log
org.eclipse.jetty.plus.annotation;org.eclipse.jetty.server.handler
org.eclipse.jetty.plus.annotation;org.eclipse.jetty.servlet
org.eclipse.jetty.plus.annotation;org.eclipse.jetty.util
org.eclipse.jetty.plus.annotation;org.eclipse.jetty.util.log
org.eclipse.jetty.plus.annotation;org.eclipse.jetty.webapp
org.eclipse.jetty.plus.jndi;org.eclipse.jetty.jndi
org.eclipse.jetty.plus.jndi;org.eclipse.jetty.util.log
org.eclipse.jetty.plus.security;org.eclipse.jetty.plus.jndi
org.eclipse.jetty.plus.security;org.eclipse.jetty.security
org.eclipse.jetty.plus.security;org.eclipse.jetty.server
org.eclipse.jetty.plus.security;org.eclipse.jetty.util.log
org.eclipse.jetty.plus.security;org.eclipse.jetty.util.security
org.eclipse.jetty.plus.webapp;org.eclipse.jetty.jndi
org.eclipse.jetty.plus.webapp;org.eclipse.jetty.jndi.local
org.eclipse.jetty.plus.webapp;org.eclipse.jetty.plus.annotation
org.eclipse.jetty.plus.webapp;org.eclipse.jetty.plus.jndi
org.eclipse.jetty.plus.webapp;org.eclipse.jetty.server
org.eclipse.jetty.plus.webapp;org.eclipse.jetty.servlet
org.eclipse.jetty.plus.webapp;org.eclipse.jetty.util
org.eclipse.jetty.plus.webapp;org.eclipse.jetty.util.log
org.eclipse.jetty.plus.webapp;org.eclipse.jetty.util.resource
org.eclipse.jetty.plus.webapp;org.eclipse.jetty.webapp
org.eclipse.jetty.plus.webapp;org.eclipse.jetty.xml
org.eclipse.jetty.proxy;org.eclipse.jetty.client
org.eclipse.jetty.proxy;org.eclipse.jetty.client.api
org.eclipse.jetty.proxy;org.eclipse.jetty.client.util
org.eclipse.jetty.proxy;org.eclipse.jetty.http
org.eclipse.jetty.proxy;org.eclipse.jetty.io
org.eclipse.jetty.proxy;org.eclipse.jetty.server
org.eclipse.jetty.proxy;org.eclipse.jetty.server.handler
org.eclipse.jetty.proxy;org.eclipse.jetty.util
org.eclipse.jetty.proxy;org.eclipse.jetty.util.log
org.eclipse.jetty.proxy;org.eclipse.jetty.util.thread
org.eclipse.jetty.quickstart;org.eclipse.jetty.annotations
org.eclipse.jetty.quickstart;org.eclipse.jetty.http
org.eclipse.jetty.quickstart;org.eclipse.jetty.plus.annotation
org.eclipse.jetty.quickstart;org.eclipse.jetty.plus.webapp
org.eclipse.jetty.quickstart;org.eclipse.jetty.security
org.eclipse.jetty.quickstart;org.eclipse.jetty.server
org.eclipse.jetty.quickstart;org.eclipse.jetty.server.handler
org.eclipse.jetty.quickstart;org.eclipse.jetty.server.session
org.eclipse.jetty.quickstart;org.eclipse.jetty.servlet
org.eclipse.jetty.quickstart;org.eclipse.jetty.util
org.eclipse.jetty.quickstart;org.eclipse.jetty.util.log
org.eclipse.jetty.quickstart;org.eclipse.jetty.util.resource
org.eclipse.jetty.quickstart;org.eclipse.jetty.util.security
org.eclipse.jetty.quickstart;org.eclipse.jetty.webapp
org.eclipse.jetty.quickstart;org.eclipse.jetty.xml
org.eclipse.jetty.rewrite.handler;org.eclipse.jetty.http
org.eclipse.jetty.rewrite.handler;org.eclipse.jetty.server
org.eclipse.jetty.rewrite.handler;org.eclipse.jetty.server.handler
org.eclipse.jetty.rewrite.handler;org.eclipse.jetty.util
org.eclipse.jetty.rewrite.handler;org.eclipse.jetty.util.log
org.eclipse.jetty.security;org.eclipse.jetty.http
org.eclipse.jetty.security;org.eclipse.jetty.security.authentication
org.eclipse.jetty.security;org.eclipse.jetty.server
org.eclipse.jetty.security;org.eclipse.jetty.server.handler
org.eclipse.jetty.security;org.eclipse.jetty.util
org.eclipse.jetty.security;org.eclipse.jetty.util.component
org.eclipse.jetty.security;org.eclipse.jetty.util.log
org.eclipse.jetty.security;org.eclipse.jetty.util.resource
org.eclipse.jetty.security;org.eclipse.jetty.util.security
org.eclipse.jetty.security.authentication;org.eclipse.jetty.http
org.eclipse.jetty.security.authentication;org.eclipse.jetty.security
org.eclipse.jetty.security.authentication;org.eclipse.jetty.server
org.eclipse.jetty.security.authentication;org.eclipse.jetty.server.session
org.eclipse.jetty.security.authentication;org.eclipse.jetty.util
org.eclipse.jetty.security.authentication;org.eclipse.jetty.util.log
org.eclipse.jetty.security.authentication;org.eclipse.jetty.util.security
org.eclipse.jetty.security.jaspi;org.eclipse.jetty.security
org.eclipse.jetty.security.jaspi;org.eclipse.jetty.security.authentication
org.eclipse.jetty.security.jaspi;org.eclipse.jetty.security.jaspi.callback
org.eclipse.jetty.security.jaspi;org.eclipse.jetty.server
org.eclipse.jetty.security.jaspi;org.eclipse.jetty.util.log
org.eclipse.jetty.security.jaspi;org.eclipse.jetty.util.security
org.eclipse.jetty.security.jaspi.callback;org.eclipse.jetty.util.security
org.eclipse.jetty.security.jaspi.modules;org.eclipse.jetty.http
org.eclipse.jetty.security.jaspi.modules;org.eclipse.jetty.security
org.eclipse.jetty.security.jaspi.modules;org.eclipse.jetty.security.authentication
org.eclipse.jetty.security.jaspi.modules;org.eclipse.jetty.security.jaspi.callback
org.eclipse.jetty.security.jaspi.modules;org.eclipse.jetty.server
org.eclipse.jetty.security.jaspi.modules;org.eclipse.jetty.util
org.eclipse.jetty.security.jaspi.modules;org.eclipse.jetty.util.log
org.eclipse.jetty.security.jaspi.modules;org.eclipse.jetty.util.security
org.eclipse.jetty.server;org.eclipse.jetty.http
org.eclipse.jetty.server;org.eclipse.jetty.io
org.eclipse.jetty.server;org.eclipse.jetty.io.ssl
org.eclipse.jetty.server;org.eclipse.jetty.server.handler
org.eclipse.jetty.server;org.eclipse.jetty.server.session
org.eclipse.jetty.server;org.eclipse.jetty.util
org.eclipse.jetty.server;org.eclipse.jetty.util.annotation
org.eclipse.jetty.server;org.eclipse.jetty.util.component
org.eclipse.jetty.server;org.eclipse.jetty.util.log
org.eclipse.jetty.server;org.eclipse.jetty.util.resource
org.eclipse.jetty.server;org.eclipse.jetty.util.ssl
org.eclipse.jetty.server;org.eclipse.jetty.util.statistic
org.eclipse.jetty.server;org.eclipse.jetty.util.thread
org.eclipse.jetty.server.handler;org.eclipse.jetty.http
org.eclipse.jetty.server.handler;org.eclipse.jetty.io
org.eclipse.jetty.server.handler;org.eclipse.jetty.server
org.eclipse.jetty.server.handler;org.eclipse.jetty.util
org.eclipse.jetty.server.handler;org.eclipse.jetty.util.annotation
org.eclipse.jetty.server.handler;org.eclipse.jetty.util.component
org.eclipse.jetty.server.handler;org.eclipse.jetty.util.log
org.eclipse.jetty.server.handler;org.eclipse.jetty.util.resource
org.eclipse.jetty.server.handler;org.eclipse.jetty.util.statistic
org.eclipse.jetty.server.handler;org.eclipse.jetty.util.thread
org.eclipse.jetty.server.handler.jmx;org.eclipse.jetty.jmx
org.eclipse.jetty.server.handler.jmx;org.eclipse.jetty.server
org.eclipse.jetty.server.handler.jmx;org.eclipse.jetty.server.handler
org.eclipse.jetty.server.handler.jmx;org.eclipse.jetty.util
org.eclipse.jetty.server.handler.jmx;org.eclipse.jetty.util.annotation
org.eclipse.jetty.server.handler.jmx;org.eclipse.jetty.util.log
org.eclipse.jetty.server.handler.jmx;org.eclipse.jetty.util.resource
org.eclipse.jetty.server.jmx;org.eclipse.jetty.jmx
org.eclipse.jetty.server.jmx;org.eclipse.jetty.server
org.eclipse.jetty.server.jmx;org.eclipse.jetty.server.handler
org.eclipse.jetty.server.jmx;org.eclipse.jetty.util.annotation
org.eclipse.jetty.server.nio;org.eclipse.jetty.io
org.eclipse.jetty.server.nio;org.eclipse.jetty.server
org.eclipse.jetty.server.nio;org.eclipse.jetty.util.ssl
org.eclipse.jetty.server.nio;org.eclipse.jetty.util.thread
org.eclipse.jetty.server.session;org.eclipse.jetty.http
org.eclipse.jetty.server.session;org.eclipse.jetty.server
org.eclipse.jetty.server.session;org.eclipse.jetty.server.handler
org.eclipse.jetty.server.session;org.eclipse.jetty.util
org.eclipse.jetty.server.session;org.eclipse.jetty.util.annotation
org.eclipse.jetty.server.session;org.eclipse.jetty.util.component
org.eclipse.jetty.server.session;org.eclipse.jetty.util.log
org.eclipse.jetty.server.session;org.eclipse.jetty.util.statistic
org.eclipse.jetty.server.session;org.eclipse.jetty.util.thread
org.eclipse.jetty.server.session.jmx;org.eclipse.jetty.server
org.eclipse.jetty.server.session.jmx;org.eclipse.jetty.server.handler
org.eclipse.jetty.server.session.jmx;org.eclipse.jetty.server.handler.jmx
org.eclipse.jetty.server.session.jmx;org.eclipse.jetty.server.session
org.eclipse.jetty.servlet;org.eclipse.jetty.http
org.eclipse.jetty.servlet;org.eclipse.jetty.io
org.eclipse.jetty.servlet;org.eclipse.jetty.security
org.eclipse.jetty.servlet;org.eclipse.jetty.server
org.eclipse.jetty.servlet;org.eclipse.jetty.server.handler
org.eclipse.jetty.servlet;org.eclipse.jetty.server.session
org.eclipse.jetty.servlet;org.eclipse.jetty.util
org.eclipse.jetty.servlet;org.eclipse.jetty.util.annotation
org.eclipse.jetty.servlet;org.eclipse.jetty.util.component
org.eclipse.jetty.servlet;org.eclipse.jetty.util.log
org.eclipse.jetty.servlet;org.eclipse.jetty.util.resource
org.eclipse.jetty.servlet.jmx;org.eclipse.jetty.jmx
org.eclipse.jetty.servlet.jmx;org.eclipse.jetty.servlet
org.eclipse.jetty.servlet.listener;org.eclipse.jetty.util
org.eclipse.jetty.servlet.listener;org.eclipse.jetty.util.log
org.eclipse.jetty.servlets;org.eclipse.jetty.http
org.eclipse.jetty.servlets;org.eclipse.jetty.io
org.eclipse.jetty.servlets;org.eclipse.jetty.server
org.eclipse.jetty.servlets;org.eclipse.jetty.servlets.gzip
org.eclipse.jetty.servlets;org.eclipse.jetty.util
org.eclipse.jetty.servlets;org.eclipse.jetty.util.annotation
org.eclipse.jetty.servlets;org.eclipse.jetty.util.log
org.eclipse.jetty.servlets;org.eclipse.jetty.util.thread
org.eclipse.jetty.servlets.gzip;org.eclipse.jetty.http
org.eclipse.jetty.servlets.gzip;org.eclipse.jetty.io
org.eclipse.jetty.servlets.gzip;org.eclipse.jetty.server
org.eclipse.jetty.servlets.gzip;org.eclipse.jetty.server.handler
org.eclipse.jetty.servlets.gzip;org.eclipse.jetty.util
org.eclipse.jetty.servlets.gzip;org.eclipse.jetty.util.log
org.eclipse.jetty.setuid;org.eclipse.jetty.server
org.eclipse.jetty.setuid;org.eclipse.jetty.util.component
org.eclipse.jetty.setuid;org.eclipse.jetty.util.log
org.eclipse.jetty.setuid;org.eclipse.jetty.util.thread
org.eclipse.jetty.spdy;org.eclipse.jetty.io
org.eclipse.jetty.spdy;org.eclipse.jetty.spdy.api
org.eclipse.jetty.spdy;org.eclipse.jetty.spdy.frames
org.eclipse.jetty.spdy;org.eclipse.jetty.spdy.generator
org.eclipse.jetty.spdy;org.eclipse.jetty.spdy.parser
org.eclipse.jetty.spdy;org.eclipse.jetty.util
org.eclipse.jetty.spdy;org.eclipse.jetty.util.component
org.eclipse.jetty.spdy;org.eclipse.jetty.util.log
org.eclipse.jetty.spdy;org.eclipse.jetty.util.thread
org.eclipse.jetty.spdy.api;org.eclipse.jetty.util
org.eclipse.jetty.spdy.api;org.eclipse.jetty.util.log
org.eclipse.jetty.spdy.api.server;org.eclipse.jetty.spdy.api
org.eclipse.jetty.spdy.client;org.eclipse.jetty.io
org.eclipse.jetty.spdy.client;org.eclipse.jetty.io.ssl
org.eclipse.jetty.spdy.client;org.eclipse.jetty.npn
org.eclipse.jetty.spdy.client;org.eclipse.jetty.spdy
org.eclipse.jetty.spdy.client;org.eclipse.jetty.spdy.api
org.eclipse.jetty.spdy.client;org.eclipse.jetty.spdy.generator
org.eclipse.jetty.spdy.client;org.eclipse.jetty.spdy.parser
org.eclipse.jetty.spdy.client;org.eclipse.jetty.util
org.eclipse.jetty.spdy.client;org.eclipse.jetty.util.component
org.eclipse.jetty.spdy.client;org.eclipse.jetty.util.log
org.eclipse.jetty.spdy.client;org.eclipse.jetty.util.ssl
org.eclipse.jetty.spdy.client;org.eclipse.jetty.util.thread
org.eclipse.jetty.spdy.frames;org.eclipse.jetty.spdy.api
org.eclipse.jetty.spdy.frames;org.eclipse.jetty.util
org.eclipse.jetty.spdy.generator;org.eclipse.jetty.io
org.eclipse.jetty.spdy.generator;org.eclipse.jetty.spdy
org.eclipse.jetty.spdy.generator;org.eclipse.jetty.spdy.api
org.eclipse.jetty.spdy.generator;org.eclipse.jetty.spdy.frames
org.eclipse.jetty.spdy.generator;org.eclipse.jetty.util
org.eclipse.jetty.spdy.parser;org.eclipse.jetty.spdy
org.eclipse.jetty.spdy.parser;org.eclipse.jetty.spdy.api
org.eclipse.jetty.spdy.parser;org.eclipse.jetty.spdy.frames
org.eclipse.jetty.spdy.parser;org.eclipse.jetty.util
org.eclipse.jetty.spdy.parser;org.eclipse.jetty.util.log
org.eclipse.jetty.spdy.server;org.eclipse.jetty.io
org.eclipse.jetty.spdy.server;org.eclipse.jetty.npn
org.eclipse.jetty.spdy.server;org.eclipse.jetty.server
org.eclipse.jetty.spdy.server;org.eclipse.jetty.spdy
org.eclipse.jetty.spdy.server;org.eclipse.jetty.spdy.api
org.eclipse.jetty.spdy.server;org.eclipse.jetty.spdy.api.server
org.eclipse.jetty.spdy.server;org.eclipse.jetty.spdy.client
org.eclipse.jetty.spdy.server;org.eclipse.jetty.spdy.generator
org.eclipse.jetty.spdy.server;org.eclipse.jetty.spdy.parser
org.eclipse.jetty.spdy.server;org.eclipse.jetty.util
org.eclipse.jetty.spdy.server;org.eclipse.jetty.util.annotation
org.eclipse.jetty.spdy.server;org.eclipse.jetty.util.log
org.eclipse.jetty.spdy.server;org.eclipse.jetty.util.ssl
org.eclipse.jetty.spdy.server;org.eclipse.jetty.util.thread
org.eclipse.jetty.spdy.server.http;org.eclipse.jetty.http
org.eclipse.jetty.spdy.server.http;org.eclipse.jetty.io
org.eclipse.jetty.spdy.server.http;org.eclipse.jetty.server
org.eclipse.jetty.spdy.server.http;org.eclipse.jetty.spdy
org.eclipse.jetty.spdy.server.http;org.eclipse.jetty.spdy.api
org.eclipse.jetty.spdy.server.http;org.eclipse.jetty.spdy.api.server
org.eclipse.jetty.spdy.server.http;org.eclipse.jetty.spdy.http
org.eclipse.jetty.spdy.server.http;org.eclipse.jetty.spdy.server
org.eclipse.jetty.spdy.server.http;org.eclipse.jetty.util
org.eclipse.jetty.spdy.server.http;org.eclipse.jetty.util.annotation
org.eclipse.jetty.spdy.server.http;org.eclipse.jetty.util.log
org.eclipse.jetty.spdy.server.http;org.eclipse.jetty.util.ssl
org.eclipse.jetty.spdy.server.proxy;org.eclipse.jetty.client
org.eclipse.jetty.spdy.server.proxy;org.eclipse.jetty.client.api
org.eclipse.jetty.spdy.server.proxy;org.eclipse.jetty.client.util
org.eclipse.jetty.spdy.server.proxy;org.eclipse.jetty.http
org.eclipse.jetty.spdy.server.proxy;org.eclipse.jetty.io
org.eclipse.jetty.spdy.server.proxy;org.eclipse.jetty.server
org.eclipse.jetty.spdy.server.proxy;org.eclipse.jetty.spdy
org.eclipse.jetty.spdy.server.proxy;org.eclipse.jetty.spdy.api
org.eclipse.jetty.spdy.server.proxy;org.eclipse.jetty.spdy.api.server
org.eclipse.jetty.spdy.server.proxy;org.eclipse.jetty.spdy.client
org.eclipse.jetty.spdy.server.proxy;org.eclipse.jetty.spdy.generator
org.eclipse.jetty.spdy.server.proxy;org.eclipse.jetty.spdy.http
org.eclipse.jetty.spdy.server.proxy;org.eclipse.jetty.spdy.server
org.eclipse.jetty.spdy.server.proxy;org.eclipse.jetty.util
org.eclipse.jetty.spdy.server.proxy;org.eclipse.jetty.util.log
org.eclipse.jetty.spdy.server.proxy;org.eclipse.jetty.util.ssl
org.eclipse.jetty.spdy.server.proxy;org.eclipse.jetty.util.thread
org.eclipse.jetty.spring;org.eclipse.jetty.util.log
org.eclipse.jetty.spring;org.eclipse.jetty.util.resource
org.eclipse.jetty.spring;org.eclipse.jetty.xml
org.eclipse.jetty.start;org.eclipse.jetty.start.config
org.eclipse.jetty.start.config;org.eclipse.jetty.start
org.eclipse.jetty.util;org.eclipse.jetty.util.annotation
org.eclipse.jetty.util;org.eclipse.jetty.util.component
org.eclipse.jetty.util;org.eclipse.jetty.util.log
org.eclipse.jetty.util;org.eclipse.jetty.util.resource
org.eclipse.jetty.util;org.eclipse.jetty.util.thread
org.eclipse.jetty.util.component;org.eclipse.jetty.util
org.eclipse.jetty.util.component;org.eclipse.jetty.util.annotation
org.eclipse.jetty.util.component;org.eclipse.jetty.util.log
org.eclipse.jetty.util.component;org.eclipse.jetty.util.resource
org.eclipse.jetty.util.log;org.eclipse.jetty.util
org.eclipse.jetty.util.log;org.eclipse.jetty.util.annotation
org.eclipse.jetty.util.log.jmx;org.eclipse.jetty.jmx
org.eclipse.jetty.util.log.jmx;org.eclipse.jetty.util.annotation
org.eclipse.jetty.util.log.jmx;org.eclipse.jetty.util.log
org.eclipse.jetty.util.preventers;org.eclipse.jetty.util.component
org.eclipse.jetty.util.preventers;org.eclipse.jetty.util.log
org.eclipse.jetty.util.resource;org.eclipse.jetty.util
org.eclipse.jetty.util.resource;org.eclipse.jetty.util.log
org.eclipse.jetty.util.security;org.eclipse.jetty.util
org.eclipse.jetty.util.security;org.eclipse.jetty.util.log
org.eclipse.jetty.util.security;org.eclipse.jetty.util.resource
org.eclipse.jetty.util.ssl;org.eclipse.jetty.util
org.eclipse.jetty.util.ssl;org.eclipse.jetty.util.component
org.eclipse.jetty.util.ssl;org.eclipse.jetty.util.log
org.eclipse.jetty.util.ssl;org.eclipse.jetty.util.resource
org.eclipse.jetty.util.ssl;org.eclipse.jetty.util.security
org.eclipse.jetty.util.statistic;org.eclipse.jetty.util
org.eclipse.jetty.util.thread;org.eclipse.jetty.util
org.eclipse.jetty.util.thread;org.eclipse.jetty.util.annotation
org.eclipse.jetty.util.thread;org.eclipse.jetty.util.component
org.eclipse.jetty.util.thread;org.eclipse.jetty.util.log
org.eclipse.jetty.webapp;org.eclipse.jetty.http
org.eclipse.jetty.webapp;org.eclipse.jetty.security
org.eclipse.jetty.webapp;org.eclipse.jetty.server
org.eclipse.jetty.webapp;org.eclipse.jetty.server.handler
org.eclipse.jetty.webapp;org.eclipse.jetty.server.session
org.eclipse.jetty.webapp;org.eclipse.jetty.servlet
org.eclipse.jetty.webapp;org.eclipse.jetty.util
org.eclipse.jetty.webapp;org.eclipse.jetty.util.annotation
org.eclipse.jetty.webapp;org.eclipse.jetty.util.log
org.eclipse.jetty.webapp;org.eclipse.jetty.util.resource
org.eclipse.jetty.webapp;org.eclipse.jetty.util.security
org.eclipse.jetty.webapp;org.eclipse.jetty.xml
org.eclipse.jetty.websocket.api;org.eclipse.jetty.websocket.api.extensions
org.eclipse.jetty.websocket.api;org.eclipse.jetty.websocket.api.util
org.eclipse.jetty.websocket.api.extensions;org.eclipse.jetty.websocket.api
org.eclipse.jetty.websocket.api.extensions;org.eclipse.jetty.websocket.api.util
org.eclipse.jetty.websocket.client;org.eclipse.jetty.io
org.eclipse.jetty.websocket.client;org.eclipse.jetty.util
org.eclipse.jetty.websocket.client;org.eclipse.jetty.util.component
org.eclipse.jetty.websocket.client;org.eclipse.jetty.util.log
org.eclipse.jetty.websocket.client;org.eclipse.jetty.util.ssl
org.eclipse.jetty.websocket.client;org.eclipse.jetty.util.thread
org.eclipse.jetty.websocket.client;org.eclipse.jetty.websocket.api
org.eclipse.jetty.websocket.client;org.eclipse.jetty.websocket.api.extensions
org.eclipse.jetty.websocket.client;org.eclipse.jetty.websocket.client.io
org.eclipse.jetty.websocket.client;org.eclipse.jetty.websocket.client.masks
org.eclipse.jetty.websocket.client;org.eclipse.jetty.websocket.common
org.eclipse.jetty.websocket.client;org.eclipse.jetty.websocket.common.events
org.eclipse.jetty.websocket.client;org.eclipse.jetty.websocket.common.extensions
org.eclipse.jetty.websocket.client;org.eclipse.jetty.websocket.common.io.http
org.eclipse.jetty.websocket.client.io;org.eclipse.jetty.io
org.eclipse.jetty.websocket.client.io;org.eclipse.jetty.io.ssl
org.eclipse.jetty.websocket.client.io;org.eclipse.jetty.util
org.eclipse.jetty.websocket.client.io;org.eclipse.jetty.util.component
org.eclipse.jetty.websocket.client.io;org.eclipse.jetty.util.log
org.eclipse.jetty.websocket.client.io;org.eclipse.jetty.util.ssl
org.eclipse.jetty.websocket.client.io;org.eclipse.jetty.util.thread
org.eclipse.jetty.websocket.client.io;org.eclipse.jetty.websocket.api
org.eclipse.jetty.websocket.client.io;org.eclipse.jetty.websocket.api.extensions
org.eclipse.jetty.websocket.client.io;org.eclipse.jetty.websocket.client
org.eclipse.jetty.websocket.client.io;org.eclipse.jetty.websocket.client.masks
org.eclipse.jetty.websocket.client.io;org.eclipse.jetty.websocket.common
org.eclipse.jetty.websocket.client.io;org.eclipse.jetty.websocket.common.events
org.eclipse.jetty.websocket.client.io;org.eclipse.jetty.websocket.common.extensions
org.eclipse.jetty.websocket.client.io;org.eclipse.jetty.websocket.common.io
org.eclipse.jetty.websocket.client.io;org.eclipse.jetty.websocket.common.io.http
org.eclipse.jetty.websocket.client.masks;org.eclipse.jetty.websocket.api.extensions
org.eclipse.jetty.websocket.client.masks;org.eclipse.jetty.websocket.common
org.eclipse.jetty.websocket.common;org.eclipse.jetty.io
org.eclipse.jetty.websocket.common;org.eclipse.jetty.util
org.eclipse.jetty.websocket.common;org.eclipse.jetty.util.annotation
org.eclipse.jetty.websocket.common;org.eclipse.jetty.util.component
org.eclipse.jetty.websocket.common;org.eclipse.jetty.util.log
org.eclipse.jetty.websocket.common;org.eclipse.jetty.websocket.api
org.eclipse.jetty.websocket.common;org.eclipse.jetty.websocket.api.extensions
org.eclipse.jetty.websocket.common;org.eclipse.jetty.websocket.common.events
org.eclipse.jetty.websocket.common;org.eclipse.jetty.websocket.common.frames
org.eclipse.jetty.websocket.common;org.eclipse.jetty.websocket.common.io
org.eclipse.jetty.websocket.common;org.eclipse.jetty.websocket.common.io.payload
org.eclipse.jetty.websocket.common.events;org.eclipse.jetty.util
org.eclipse.jetty.websocket.common.events;org.eclipse.jetty.util.log
org.eclipse.jetty.websocket.common.events;org.eclipse.jetty.websocket.api
org.eclipse.jetty.websocket.common.events;org.eclipse.jetty.websocket.api.annotations
org.eclipse.jetty.websocket.common.events;org.eclipse.jetty.websocket.api.extensions
org.eclipse.jetty.websocket.common.events;org.eclipse.jetty.websocket.common
org.eclipse.jetty.websocket.common.events;org.eclipse.jetty.websocket.common.events.annotated
org.eclipse.jetty.websocket.common.events;org.eclipse.jetty.websocket.common.frames
org.eclipse.jetty.websocket.common.events;org.eclipse.jetty.websocket.common.io
org.eclipse.jetty.websocket.common.events;org.eclipse.jetty.websocket.common.message
org.eclipse.jetty.websocket.common.events.annotated;org.eclipse.jetty.util.log
org.eclipse.jetty.websocket.common.events.annotated;org.eclipse.jetty.websocket.api
org.eclipse.jetty.websocket.common.events.annotated;org.eclipse.jetty.websocket.api.util
org.eclipse.jetty.websocket.common.events.annotated;org.eclipse.jetty.websocket.common.events
org.eclipse.jetty.websocket.common.events.annotated;org.eclipse.jetty.websocket.common.util
org.eclipse.jetty.websocket.common.extensions;org.eclipse.jetty.io
org.eclipse.jetty.websocket.common.extensions;org.eclipse.jetty.util
org.eclipse.jetty.websocket.common.extensions;org.eclipse.jetty.util.annotation
org.eclipse.jetty.websocket.common.extensions;org.eclipse.jetty.util.component
org.eclipse.jetty.websocket.common.extensions;org.eclipse.jetty.util.log
org.eclipse.jetty.websocket.common.extensions;org.eclipse.jetty.websocket.api
org.eclipse.jetty.websocket.common.extensions;org.eclipse.jetty.websocket.api.extensions
org.eclipse.jetty.websocket.common.extensions;org.eclipse.jetty.websocket.common
org.eclipse.jetty.websocket.common.extensions.compress;org.eclipse.jetty.io
org.eclipse.jetty.websocket.common.extensions.compress;org.eclipse.jetty.util
org.eclipse.jetty.websocket.common.extensions.compress;org.eclipse.jetty.util.log
org.eclipse.jetty.websocket.common.extensions.compress;org.eclipse.jetty.websocket.api
org.eclipse.jetty.websocket.common.extensions.compress;org.eclipse.jetty.websocket.api.extensions
org.eclipse.jetty.websocket.common.extensions.compress;org.eclipse.jetty.websocket.common
org.eclipse.jetty.websocket.common.extensions.compress;org.eclipse.jetty.websocket.common.extensions
org.eclipse.jetty.websocket.common.extensions.compress;org.eclipse.jetty.websocket.common.frames
org.eclipse.jetty.websocket.common.extensions.fragment;org.eclipse.jetty.util
org.eclipse.jetty.websocket.common.extensions.fragment;org.eclipse.jetty.util.log
org.eclipse.jetty.websocket.common.extensions.fragment;org.eclipse.jetty.websocket.api
org.eclipse.jetty.websocket.common.extensions.fragment;org.eclipse.jetty.websocket.api.extensions
org.eclipse.jetty.websocket.common.extensions.fragment;org.eclipse.jetty.websocket.common
org.eclipse.jetty.websocket.common.extensions.fragment;org.eclipse.jetty.websocket.common.extensions
org.eclipse.jetty.websocket.common.extensions.fragment;org.eclipse.jetty.websocket.common.frames
org.eclipse.jetty.websocket.common.extensions.identity;org.eclipse.jetty.util
org.eclipse.jetty.websocket.common.extensions.identity;org.eclipse.jetty.util.annotation
org.eclipse.jetty.websocket.common.extensions.identity;org.eclipse.jetty.websocket.api
org.eclipse.jetty.websocket.common.extensions.identity;org.eclipse.jetty.websocket.api.extensions
org.eclipse.jetty.websocket.common.extensions.identity;org.eclipse.jetty.websocket.common.extensions
org.eclipse.jetty.websocket.common.frames;org.eclipse.jetty.util
org.eclipse.jetty.websocket.common.frames;org.eclipse.jetty.websocket.api
org.eclipse.jetty.websocket.common.frames;org.eclipse.jetty.websocket.api.extensions
org.eclipse.jetty.websocket.common.frames;org.eclipse.jetty.websocket.common
org.eclipse.jetty.websocket.common.io;org.eclipse.jetty.io
org.eclipse.jetty.websocket.common.io;org.eclipse.jetty.util
org.eclipse.jetty.websocket.common.io;org.eclipse.jetty.util.component
org.eclipse.jetty.websocket.common.io;org.eclipse.jetty.util.log
org.eclipse.jetty.websocket.common.io;org.eclipse.jetty.util.thread
org.eclipse.jetty.websocket.common.io;org.eclipse.jetty.websocket.api
org.eclipse.jetty.websocket.common.io;org.eclipse.jetty.websocket.api.extensions
org.eclipse.jetty.websocket.common.io;org.eclipse.jetty.websocket.common
org.eclipse.jetty.websocket.common.io;org.eclipse.jetty.websocket.common.frames
org.eclipse.jetty.websocket.common.io.http;org.eclipse.jetty.util
org.eclipse.jetty.websocket.common.io.payload;org.eclipse.jetty.websocket.api.extensions
org.eclipse.jetty.websocket.common.message;org.eclipse.jetty.io
org.eclipse.jetty.websocket.common.message;org.eclipse.jetty.util
org.eclipse.jetty.websocket.common.message;org.eclipse.jetty.util.log
org.eclipse.jetty.websocket.common.message;org.eclipse.jetty.websocket.api
org.eclipse.jetty.websocket.common.message;org.eclipse.jetty.websocket.api.extensions
org.eclipse.jetty.websocket.common.message;org.eclipse.jetty.websocket.common
org.eclipse.jetty.websocket.common.message;org.eclipse.jetty.websocket.common.events
org.eclipse.jetty.websocket.common.message;org.eclipse.jetty.websocket.common.frames
org.eclipse.jetty.websocket.jsr356;org.eclipse.jetty.util
org.eclipse.jetty.websocket.jsr356;org.eclipse.jetty.util.component
org.eclipse.jetty.websocket.jsr356;org.eclipse.jetty.util.log
org.eclipse.jetty.websocket.jsr356;org.eclipse.jetty.util.ssl
org.eclipse.jetty.websocket.jsr356;org.eclipse.jetty.util.thread
org.eclipse.jetty.websocket.jsr356;org.eclipse.jetty.websocket.api
org.eclipse.jetty.websocket.jsr356;org.eclipse.jetty.websocket.api.extensions
org.eclipse.jetty.websocket.jsr356;org.eclipse.jetty.websocket.api.util
org.eclipse.jetty.websocket.jsr356;org.eclipse.jetty.websocket.client
org.eclipse.jetty.websocket.jsr356;org.eclipse.jetty.websocket.client.io
org.eclipse.jetty.websocket.jsr356;org.eclipse.jetty.websocket.common
org.eclipse.jetty.websocket.jsr356;org.eclipse.jetty.websocket.common.events
org.eclipse.jetty.websocket.jsr356;org.eclipse.jetty.websocket.common.frames
org.eclipse.jetty.websocket.jsr356;org.eclipse.jetty.websocket.common.io
org.eclipse.jetty.websocket.jsr356;org.eclipse.jetty.websocket.common.message
org.eclipse.jetty.websocket.jsr356;org.eclipse.jetty.websocket.common.util
org.eclipse.jetty.websocket.jsr356;org.eclipse.jetty.websocket.jsr356.annotations
org.eclipse.jetty.websocket.jsr356;org.eclipse.jetty.websocket.jsr356.client
org.eclipse.jetty.websocket.jsr356;org.eclipse.jetty.websocket.jsr356.decoders
org.eclipse.jetty.websocket.jsr356;org.eclipse.jetty.websocket.jsr356.encoders
org.eclipse.jetty.websocket.jsr356;org.eclipse.jetty.websocket.jsr356.endpoints
org.eclipse.jetty.websocket.jsr356;org.eclipse.jetty.websocket.jsr356.messages
org.eclipse.jetty.websocket.jsr356;org.eclipse.jetty.websocket.jsr356.metadata
org.eclipse.jetty.websocket.jsr356.annotations;org.eclipse.jetty.util.log
org.eclipse.jetty.websocket.jsr356.annotations;org.eclipse.jetty.websocket.api
org.eclipse.jetty.websocket.jsr356.annotations;org.eclipse.jetty.websocket.common
org.eclipse.jetty.websocket.jsr356.annotations;org.eclipse.jetty.websocket.common.events.annotated
org.eclipse.jetty.websocket.jsr356.annotations;org.eclipse.jetty.websocket.common.util
org.eclipse.jetty.websocket.jsr356.annotations;org.eclipse.jetty.websocket.jsr356
org.eclipse.jetty.websocket.jsr356.annotations;org.eclipse.jetty.websocket.jsr356.decoders
org.eclipse.jetty.websocket.jsr356.annotations;org.eclipse.jetty.websocket.jsr356.metadata
org.eclipse.jetty.websocket.jsr356.client;org.eclipse.jetty.websocket.api
org.eclipse.jetty.websocket.jsr356.client;org.eclipse.jetty.websocket.common.events
org.eclipse.jetty.websocket.jsr356.client;org.eclipse.jetty.websocket.jsr356
org.eclipse.jetty.websocket.jsr356.client;org.eclipse.jetty.websocket.jsr356.annotations
org.eclipse.jetty.websocket.jsr356.client;org.eclipse.jetty.websocket.jsr356.endpoints
org.eclipse.jetty.websocket.jsr356.client;org.eclipse.jetty.websocket.jsr356.metadata
org.eclipse.jetty.websocket.jsr356.decoders;org.eclipse.jetty.util
org.eclipse.jetty.websocket.jsr356.decoders;org.eclipse.jetty.websocket.jsr356
org.eclipse.jetty.websocket.jsr356.decoders;org.eclipse.jetty.websocket.jsr356.metadata
org.eclipse.jetty.websocket.jsr356.encoders;org.eclipse.jetty.util
org.eclipse.jetty.websocket.jsr356.encoders;org.eclipse.jetty.websocket.jsr356
org.eclipse.jetty.websocket.jsr356.encoders;org.eclipse.jetty.websocket.jsr356.metadata
org.eclipse.jetty.websocket.jsr356.endpoints;org.eclipse.jetty.util
org.eclipse.jetty.websocket.jsr356.endpoints;org.eclipse.jetty.util.log
org.eclipse.jetty.websocket.jsr356.endpoints;org.eclipse.jetty.websocket.api
org.eclipse.jetty.websocket.jsr356.endpoints;org.eclipse.jetty.websocket.api.extensions
org.eclipse.jetty.websocket.jsr356.endpoints;org.eclipse.jetty.websocket.common
org.eclipse.jetty.websocket.jsr356.endpoints;org.eclipse.jetty.websocket.common.events
org.eclipse.jetty.websocket.jsr356.endpoints;org.eclipse.jetty.websocket.common.message
org.eclipse.jetty.websocket.jsr356.endpoints;org.eclipse.jetty.websocket.jsr356
org.eclipse.jetty.websocket.jsr356.endpoints;org.eclipse.jetty.websocket.jsr356.annotations
org.eclipse.jetty.websocket.jsr356.endpoints;org.eclipse.jetty.websocket.jsr356.client
org.eclipse.jetty.websocket.jsr356.endpoints;org.eclipse.jetty.websocket.jsr356.messages
org.eclipse.jetty.websocket.jsr356.endpoints;org.eclipse.jetty.websocket.jsr356.metadata
org.eclipse.jetty.websocket.jsr356.messages;org.eclipse.jetty.util
org.eclipse.jetty.websocket.jsr356.messages;org.eclipse.jetty.websocket.api
org.eclipse.jetty.websocket.jsr356.messages;org.eclipse.jetty.websocket.common.events
org.eclipse.jetty.websocket.jsr356.messages;org.eclipse.jetty.websocket.common.message
org.eclipse.jetty.websocket.jsr356.messages;org.eclipse.jetty.websocket.jsr356
org.eclipse.jetty.websocket.jsr356.messages;org.eclipse.jetty.websocket.jsr356.endpoints
org.eclipse.jetty.websocket.jsr356.metadata;org.eclipse.jetty.websocket.api
org.eclipse.jetty.websocket.jsr356.metadata;org.eclipse.jetty.websocket.common.events.annotated
org.eclipse.jetty.websocket.jsr356.metadata;org.eclipse.jetty.websocket.common.util
org.eclipse.jetty.websocket.jsr356.metadata;org.eclipse.jetty.websocket.jsr356
org.eclipse.jetty.websocket.jsr356.server;org.eclipse.jetty.util
org.eclipse.jetty.websocket.jsr356.server;org.eclipse.jetty.util.log
org.eclipse.jetty.websocket.jsr356.server;org.eclipse.jetty.websocket.api
org.eclipse.jetty.websocket.jsr356.server;org.eclipse.jetty.websocket.api.extensions
org.eclipse.jetty.websocket.jsr356.server;org.eclipse.jetty.websocket.api.util
org.eclipse.jetty.websocket.jsr356.server;org.eclipse.jetty.websocket.common
org.eclipse.jetty.websocket.jsr356.server;org.eclipse.jetty.websocket.common.events
org.eclipse.jetty.websocket.jsr356.server;org.eclipse.jetty.websocket.common.events.annotated
org.eclipse.jetty.websocket.jsr356.server;org.eclipse.jetty.websocket.jsr356
org.eclipse.jetty.websocket.jsr356.server;org.eclipse.jetty.websocket.jsr356.annotations
org.eclipse.jetty.websocket.jsr356.server;org.eclipse.jetty.websocket.jsr356.client
org.eclipse.jetty.websocket.jsr356.server;org.eclipse.jetty.websocket.jsr356.endpoints
org.eclipse.jetty.websocket.jsr356.server;org.eclipse.jetty.websocket.jsr356.metadata
org.eclipse.jetty.websocket.jsr356.server;org.eclipse.jetty.websocket.jsr356.server.pathmap
org.eclipse.jetty.websocket.jsr356.server;org.eclipse.jetty.websocket.server
org.eclipse.jetty.websocket.jsr356.server;org.eclipse.jetty.websocket.server.pathmap
org.eclipse.jetty.websocket.jsr356.server;org.eclipse.jetty.websocket.servlet
org.eclipse.jetty.websocket.jsr356.server.deploy;org.eclipse.jetty.server
org.eclipse.jetty.websocket.jsr356.server.deploy;org.eclipse.jetty.server.handler
org.eclipse.jetty.websocket.jsr356.server.deploy;org.eclipse.jetty.servlet
org.eclipse.jetty.websocket.jsr356.server.deploy;org.eclipse.jetty.util
org.eclipse.jetty.websocket.jsr356.server.deploy;org.eclipse.jetty.util.log
org.eclipse.jetty.websocket.jsr356.server.deploy;org.eclipse.jetty.util.thread
org.eclipse.jetty.websocket.jsr356.server.deploy;org.eclipse.jetty.websocket.jsr356.server
org.eclipse.jetty.websocket.jsr356.server.deploy;org.eclipse.jetty.websocket.server
org.eclipse.jetty.websocket.jsr356.server.pathmap;org.eclipse.jetty.util
org.eclipse.jetty.websocket.jsr356.server.pathmap;org.eclipse.jetty.util.log
org.eclipse.jetty.websocket.jsr356.server.pathmap;org.eclipse.jetty.websocket.server.pathmap
org.eclipse.jetty.websocket.server;org.eclipse.jetty.io
org.eclipse.jetty.websocket.server;org.eclipse.jetty.server
org.eclipse.jetty.websocket.server;org.eclipse.jetty.server.handler
org.eclipse.jetty.websocket.server;org.eclipse.jetty.servlet
org.eclipse.jetty.websocket.server;org.eclipse.jetty.util.annotation
org.eclipse.jetty.websocket.server;org.eclipse.jetty.util.component
org.eclipse.jetty.websocket.server;org.eclipse.jetty.util.log
org.eclipse.jetty.websocket.server;org.eclipse.jetty.util.thread
org.eclipse.jetty.websocket.server;org.eclipse.jetty.websocket.api
org.eclipse.jetty.websocket.server;org.eclipse.jetty.websocket.api.extensions
org.eclipse.jetty.websocket.server;org.eclipse.jetty.websocket.api.util
org.eclipse.jetty.websocket.server;org.eclipse.jetty.websocket.common
org.eclipse.jetty.websocket.server;org.eclipse.jetty.websocket.common.events
org.eclipse.jetty.websocket.server;org.eclipse.jetty.websocket.common.extensions
org.eclipse.jetty.websocket.server;org.eclipse.jetty.websocket.common.io
org.eclipse.jetty.websocket.server;org.eclipse.jetty.websocket.server.pathmap
org.eclipse.jetty.websocket.server;org.eclipse.jetty.websocket.servlet
org.eclipse.jetty.websocket.server.pathmap;org.eclipse.jetty.util.annotation
org.eclipse.jetty.websocket.server.pathmap;org.eclipse.jetty.util.component
org.eclipse.jetty.websocket.server.pathmap;org.eclipse.jetty.util.log
org.eclipse.jetty.websocket.servlet;org.eclipse.jetty.websocket.api
org.eclipse.jetty.websocket.servlet;org.eclipse.jetty.websocket.api.extensions
org.eclipse.jetty.websocket.servlet;org.eclipse.jetty.websocket.api.util
org.eclipse.jetty.xml;org.eclipse.jetty.util
org.eclipse.jetty.xml;org.eclipse.jetty.util.component
org.eclipse.jetty.xml;org.eclipse.jetty.util.log
org.eclipse.jetty.xml;org.eclipse.jetty.util.resource
