com.jrefinery.chart.AbstractDataSource;com.jrefinery.chart.DataSource
com.jrefinery.chart.AbstractDataSource;com.jrefinery.chart.event.DataSourceChangeEvent
com.jrefinery.chart.AbstractDataSource;com.jrefinery.chart.event.DataSourceChangeListener
com.jrefinery.chart.Axis;com.jrefinery.chart.Plot
com.jrefinery.chart.Axis;com.jrefinery.chart.Tick
com.jrefinery.chart.Axis;com.jrefinery.chart.event.AxisChangeEvent
com.jrefinery.chart.Axis;com.jrefinery.chart.event.AxisChangeListener
com.jrefinery.chart.BarPlot;com.jrefinery.chart.Axis
com.jrefinery.chart.BarPlot;com.jrefinery.chart.AxisNotCompatibleException
com.jrefinery.chart.BarPlot;com.jrefinery.chart.CategoryDataSource
com.jrefinery.chart.BarPlot;com.jrefinery.chart.CategoryPlot
com.jrefinery.chart.BarPlot;com.jrefinery.chart.DataSource
com.jrefinery.chart.BarPlot;com.jrefinery.chart.JFreeChart
com.jrefinery.chart.BarPlot;com.jrefinery.chart.Plot
com.jrefinery.chart.BarPlot;com.jrefinery.chart.event.PlotChangeEvent
com.jrefinery.chart.BlankAxis;com.jrefinery.chart.Axis
com.jrefinery.chart.BlankAxis;com.jrefinery.chart.HorizontalAxis
com.jrefinery.chart.BlankAxis;com.jrefinery.chart.Plot
com.jrefinery.chart.BlankAxis;com.jrefinery.chart.VerticalAxis
com.jrefinery.chart.CategoryAxis;com.jrefinery.chart.Axis
com.jrefinery.chart.CategoryDataSource;com.jrefinery.chart.DataSource
com.jrefinery.chart.CategoryPlot;com.jrefinery.chart.CategoryDataSource
com.jrefinery.chart.DataSource;com.jrefinery.chart.event.DataSourceChangeListener
com.jrefinery.chart.DataSources;com.jrefinery.chart.CategoryDataSource
com.jrefinery.chart.DataSources;com.jrefinery.chart.DataSource
com.jrefinery.chart.DataSources;com.jrefinery.chart.DomainInfo
com.jrefinery.chart.DataSources;com.jrefinery.chart.RangeInfo
com.jrefinery.chart.DataSources;com.jrefinery.chart.XYDataSource
com.jrefinery.chart.DateAxis;!defaultpackage!.I[]
com.jrefinery.chart.DateAxis;com.jrefinery.chart.Axis
com.jrefinery.chart.DateAxis;com.jrefinery.chart.DateUnit
com.jrefinery.chart.DateAxis;com.jrefinery.chart.ValueAxis
com.jrefinery.chart.DateAxis;com.jrefinery.chart.event.AxisChangeEvent
com.jrefinery.chart.DefaultCategoryDataSource;com.jrefinery.chart.AbstractDataSource
com.jrefinery.chart.DefaultCategoryDataSource;com.jrefinery.chart.CategoryDataSource
com.jrefinery.chart.DefaultXYDataSource;com.jrefinery.chart.AbstractDataSource
com.jrefinery.chart.DefaultXYDataSource;com.jrefinery.chart.XYDataItem
com.jrefinery.chart.DefaultXYDataSource;com.jrefinery.chart.XYDataSource
com.jrefinery.chart.HiLowPlot;com.jrefinery.chart.Axis
com.jrefinery.chart.HiLowPlot;com.jrefinery.chart.AxisNotCompatibleException
com.jrefinery.chart.HiLowPlot;com.jrefinery.chart.DataSource
com.jrefinery.chart.HiLowPlot;com.jrefinery.chart.DataSources
com.jrefinery.chart.HiLowPlot;com.jrefinery.chart.HiLow
com.jrefinery.chart.HiLowPlot;com.jrefinery.chart.HorizontalAxis
com.jrefinery.chart.HiLowPlot;com.jrefinery.chart.HorizontalDateAxis
com.jrefinery.chart.HiLowPlot;com.jrefinery.chart.HorizontalNumberAxis
com.jrefinery.chart.HiLowPlot;com.jrefinery.chart.HorizontalValuePlot
com.jrefinery.chart.HiLowPlot;com.jrefinery.chart.JFreeChart
com.jrefinery.chart.HiLowPlot;com.jrefinery.chart.Plot
com.jrefinery.chart.HiLowPlot;com.jrefinery.chart.ValueAxis
com.jrefinery.chart.HiLowPlot;com.jrefinery.chart.VerticalAxis
com.jrefinery.chart.HiLowPlot;com.jrefinery.chart.VerticalNumberAxis
com.jrefinery.chart.HiLowPlot;com.jrefinery.chart.VerticalValuePlot
com.jrefinery.chart.HiLowPlot;com.jrefinery.chart.XYDataSource
com.jrefinery.chart.HiLowPlot;com.jrefinery.chart.event.PlotChangeEvent
com.jrefinery.chart.HorizontalAxis;com.jrefinery.chart.Plot
com.jrefinery.chart.HorizontalBarPlot;com.jrefinery.chart.Axis
com.jrefinery.chart.HorizontalBarPlot;com.jrefinery.chart.AxisNotCompatibleException
com.jrefinery.chart.HorizontalBarPlot;com.jrefinery.chart.Bar
com.jrefinery.chart.HorizontalBarPlot;com.jrefinery.chart.BarPlot
com.jrefinery.chart.HorizontalBarPlot;com.jrefinery.chart.CategoryAxis
com.jrefinery.chart.HorizontalBarPlot;com.jrefinery.chart.CategoryDataSource
com.jrefinery.chart.HorizontalBarPlot;com.jrefinery.chart.DataSource
com.jrefinery.chart.HorizontalBarPlot;com.jrefinery.chart.DataSources
com.jrefinery.chart.HorizontalBarPlot;com.jrefinery.chart.HorizontalAxis
com.jrefinery.chart.HorizontalBarPlot;com.jrefinery.chart.HorizontalNumberAxis
com.jrefinery.chart.HorizontalBarPlot;com.jrefinery.chart.HorizontalValuePlot
com.jrefinery.chart.HorizontalBarPlot;com.jrefinery.chart.JFreeChart
com.jrefinery.chart.HorizontalBarPlot;com.jrefinery.chart.NumberAxis
com.jrefinery.chart.HorizontalBarPlot;com.jrefinery.chart.Plot
com.jrefinery.chart.HorizontalBarPlot;com.jrefinery.chart.VerticalAxis
com.jrefinery.chart.HorizontalBarPlot;com.jrefinery.chart.VerticalCategoryAxis
com.jrefinery.chart.HorizontalCategoryAxis;com.jrefinery.chart.Axis
com.jrefinery.chart.HorizontalCategoryAxis;com.jrefinery.chart.CategoryAxis
com.jrefinery.chart.HorizontalCategoryAxis;com.jrefinery.chart.CategoryDataSource
com.jrefinery.chart.HorizontalCategoryAxis;com.jrefinery.chart.CategoryPlot
com.jrefinery.chart.HorizontalCategoryAxis;com.jrefinery.chart.HorizontalAxis
com.jrefinery.chart.HorizontalCategoryAxis;com.jrefinery.chart.Plot
com.jrefinery.chart.HorizontalCategoryAxis;com.jrefinery.chart.Tick
com.jrefinery.chart.HorizontalCategoryAxis;com.jrefinery.chart.event.AxisChangeEvent
com.jrefinery.chart.HorizontalDateAxis;com.jrefinery.chart.Axis
com.jrefinery.chart.HorizontalDateAxis;com.jrefinery.chart.DateAxis
com.jrefinery.chart.HorizontalDateAxis;com.jrefinery.chart.DateUnit
com.jrefinery.chart.HorizontalDateAxis;com.jrefinery.chart.HorizontalAxis
com.jrefinery.chart.HorizontalDateAxis;com.jrefinery.chart.HorizontalValuePlot
com.jrefinery.chart.HorizontalDateAxis;com.jrefinery.chart.Plot
com.jrefinery.chart.HorizontalDateAxis;com.jrefinery.chart.Tick
com.jrefinery.chart.HorizontalDateAxis;com.jrefinery.chart.ValueAxis
com.jrefinery.chart.HorizontalDateAxis;com.jrefinery.chart.event.AxisChangeEvent
com.jrefinery.chart.HorizontalNumberAxis;com.jrefinery.chart.Axis
com.jrefinery.chart.HorizontalNumberAxis;com.jrefinery.chart.HorizontalAxis
com.jrefinery.chart.HorizontalNumberAxis;com.jrefinery.chart.HorizontalValuePlot
com.jrefinery.chart.HorizontalNumberAxis;com.jrefinery.chart.NumberAxis
com.jrefinery.chart.HorizontalNumberAxis;com.jrefinery.chart.Plot
com.jrefinery.chart.HorizontalNumberAxis;com.jrefinery.chart.Tick
com.jrefinery.chart.HorizontalNumberAxis;com.jrefinery.chart.ValueAxis
com.jrefinery.chart.HorizontalNumberAxis;com.jrefinery.chart.event.AxisChangeEvent
com.jrefinery.chart.JFreeChart;com.jrefinery.chart.Axis
com.jrefinery.chart.JFreeChart;com.jrefinery.chart.AxisNotCompatibleException
com.jrefinery.chart.JFreeChart;com.jrefinery.chart.CategoryDataSource
com.jrefinery.chart.JFreeChart;com.jrefinery.chart.DataSource
com.jrefinery.chart.JFreeChart;com.jrefinery.chart.HiLowPlot
com.jrefinery.chart.JFreeChart;com.jrefinery.chart.HorizontalBarPlot
com.jrefinery.chart.JFreeChart;com.jrefinery.chart.HorizontalCategoryAxis
com.jrefinery.chart.JFreeChart;com.jrefinery.chart.HorizontalDateAxis
com.jrefinery.chart.JFreeChart;com.jrefinery.chart.HorizontalNumberAxis
com.jrefinery.chart.JFreeChart;com.jrefinery.chart.Legend
com.jrefinery.chart.JFreeChart;com.jrefinery.chart.LinePlot
com.jrefinery.chart.JFreeChart;com.jrefinery.chart.NumberAxis
com.jrefinery.chart.JFreeChart;com.jrefinery.chart.PiePlot
com.jrefinery.chart.JFreeChart;com.jrefinery.chart.Plot
com.jrefinery.chart.JFreeChart;com.jrefinery.chart.Title
com.jrefinery.chart.JFreeChart;com.jrefinery.chart.ValueAxis
com.jrefinery.chart.JFreeChart;com.jrefinery.chart.VerticalBarPlot
com.jrefinery.chart.JFreeChart;com.jrefinery.chart.VerticalCategoryAxis
com.jrefinery.chart.JFreeChart;com.jrefinery.chart.VerticalNumberAxis
com.jrefinery.chart.JFreeChart;com.jrefinery.chart.XYDataSource
com.jrefinery.chart.JFreeChart;com.jrefinery.chart.XYPlot
com.jrefinery.chart.JFreeChart;com.jrefinery.chart.event.ChartChangeEvent
com.jrefinery.chart.JFreeChart;com.jrefinery.chart.event.ChartChangeListener
com.jrefinery.chart.JFreeChart;com.jrefinery.chart.event.DataSourceChangeEvent
com.jrefinery.chart.JFreeChart;com.jrefinery.chart.event.DataSourceChangeListener
com.jrefinery.chart.JFreeChart;com.jrefinery.chart.event.LegendChangeEvent
com.jrefinery.chart.JFreeChart;com.jrefinery.chart.event.LegendChangeListener
com.jrefinery.chart.JFreeChart;com.jrefinery.chart.event.PlotChangeEvent
com.jrefinery.chart.JFreeChart;com.jrefinery.chart.event.PlotChangeListener
com.jrefinery.chart.JFreeChart;com.jrefinery.chart.event.TitleChangeEvent
com.jrefinery.chart.JFreeChart;com.jrefinery.chart.event.TitleChangeListener
com.jrefinery.chart.JFreeChartPanel;com.jrefinery.chart.JFreeChart
com.jrefinery.chart.JFreeChartPanel;com.jrefinery.chart.event.ChartChangeEvent
com.jrefinery.chart.JFreeChartPanel;com.jrefinery.chart.event.ChartChangeListener
com.jrefinery.chart.Legend;com.jrefinery.chart.JFreeChart
com.jrefinery.chart.Legend;com.jrefinery.chart.StandardLegend
com.jrefinery.chart.Legend;com.jrefinery.chart.event.LegendChangeEvent
com.jrefinery.chart.Legend;com.jrefinery.chart.event.LegendChangeListener
com.jrefinery.chart.LinePlot;com.jrefinery.chart.Axis
com.jrefinery.chart.LinePlot;com.jrefinery.chart.AxisNotCompatibleException
com.jrefinery.chart.LinePlot;com.jrefinery.chart.CategoryAxis
com.jrefinery.chart.LinePlot;com.jrefinery.chart.CategoryDataSource
com.jrefinery.chart.LinePlot;com.jrefinery.chart.CategoryPlot
com.jrefinery.chart.LinePlot;com.jrefinery.chart.DataSource
com.jrefinery.chart.LinePlot;com.jrefinery.chart.DataSources
com.jrefinery.chart.LinePlot;com.jrefinery.chart.HorizontalAxis
com.jrefinery.chart.LinePlot;com.jrefinery.chart.JFreeChart
com.jrefinery.chart.LinePlot;com.jrefinery.chart.Line
com.jrefinery.chart.LinePlot;com.jrefinery.chart.Plot
com.jrefinery.chart.LinePlot;com.jrefinery.chart.VerticalAxis
com.jrefinery.chart.LinePlot;com.jrefinery.chart.VerticalNumberAxis
com.jrefinery.chart.LinePlot;com.jrefinery.chart.VerticalValuePlot
com.jrefinery.chart.NumberAxis;com.jrefinery.chart.Axis
com.jrefinery.chart.NumberAxis;com.jrefinery.chart.ValueAxis
com.jrefinery.chart.NumberAxis;com.jrefinery.chart.event.AxisChangeEvent
com.jrefinery.chart.PiePlot;com.jrefinery.chart.Axis
com.jrefinery.chart.PiePlot;com.jrefinery.chart.AxisNotCompatibleException
com.jrefinery.chart.PiePlot;com.jrefinery.chart.BlankAxis
com.jrefinery.chart.PiePlot;com.jrefinery.chart.CategoryDataSource
com.jrefinery.chart.PiePlot;com.jrefinery.chart.DataSource
com.jrefinery.chart.PiePlot;com.jrefinery.chart.JFreeChart
com.jrefinery.chart.PiePlot;com.jrefinery.chart.Legend
com.jrefinery.chart.PiePlot;com.jrefinery.chart.Plot
com.jrefinery.chart.PiePlot;com.jrefinery.chart.StandardLegend
com.jrefinery.chart.Plot;com.jrefinery.chart.Axis
com.jrefinery.chart.Plot;com.jrefinery.chart.AxisNotCompatibleException
com.jrefinery.chart.Plot;com.jrefinery.chart.HorizontalAxis
com.jrefinery.chart.Plot;com.jrefinery.chart.JFreeChart
com.jrefinery.chart.Plot;com.jrefinery.chart.VerticalAxis
com.jrefinery.chart.Plot;com.jrefinery.chart.event.AxisChangeEvent
com.jrefinery.chart.Plot;com.jrefinery.chart.event.AxisChangeListener
com.jrefinery.chart.Plot;com.jrefinery.chart.event.ChartChangeEvent
com.jrefinery.chart.Plot;com.jrefinery.chart.event.ChartChangeListener
com.jrefinery.chart.Plot;com.jrefinery.chart.event.PlotChangeEvent
com.jrefinery.chart.Plot;com.jrefinery.chart.event.PlotChangeListener
com.jrefinery.chart.StandardLegend;com.jrefinery.chart.DataSource
com.jrefinery.chart.StandardLegend;com.jrefinery.chart.JFreeChart
com.jrefinery.chart.StandardLegend;com.jrefinery.chart.Legend
com.jrefinery.chart.StandardLegend;com.jrefinery.chart.event.LegendChangeEvent
com.jrefinery.chart.StandardTitle;com.jrefinery.chart.Title
com.jrefinery.chart.StandardTitle;com.jrefinery.chart.event.TitleChangeEvent
com.jrefinery.chart.Title;com.jrefinery.chart.StandardTitle
com.jrefinery.chart.Title;com.jrefinery.chart.event.TitleChangeEvent
com.jrefinery.chart.Title;com.jrefinery.chart.event.TitleChangeListener
com.jrefinery.chart.ValueAxis;com.jrefinery.chart.Axis
com.jrefinery.chart.ValueAxis;com.jrefinery.chart.event.AxisChangeEvent
com.jrefinery.chart.VerticalAxis;com.jrefinery.chart.Plot
com.jrefinery.chart.VerticalBarPlot;com.jrefinery.chart.Axis
com.jrefinery.chart.VerticalBarPlot;com.jrefinery.chart.AxisNotCompatibleException
com.jrefinery.chart.VerticalBarPlot;com.jrefinery.chart.Bar
com.jrefinery.chart.VerticalBarPlot;com.jrefinery.chart.BarPlot
com.jrefinery.chart.VerticalBarPlot;com.jrefinery.chart.CategoryAxis
com.jrefinery.chart.VerticalBarPlot;com.jrefinery.chart.CategoryDataSource
com.jrefinery.chart.VerticalBarPlot;com.jrefinery.chart.DataSource
com.jrefinery.chart.VerticalBarPlot;com.jrefinery.chart.DataSources
com.jrefinery.chart.VerticalBarPlot;com.jrefinery.chart.HorizontalAxis
com.jrefinery.chart.VerticalBarPlot;com.jrefinery.chart.JFreeChart
com.jrefinery.chart.VerticalBarPlot;com.jrefinery.chart.NumberAxis
com.jrefinery.chart.VerticalBarPlot;com.jrefinery.chart.Plot
com.jrefinery.chart.VerticalBarPlot;com.jrefinery.chart.VerticalAxis
com.jrefinery.chart.VerticalBarPlot;com.jrefinery.chart.VerticalNumberAxis
com.jrefinery.chart.VerticalBarPlot;com.jrefinery.chart.VerticalValuePlot
com.jrefinery.chart.VerticalCategoryAxis;com.jrefinery.chart.Axis
com.jrefinery.chart.VerticalCategoryAxis;com.jrefinery.chart.CategoryAxis
com.jrefinery.chart.VerticalCategoryAxis;com.jrefinery.chart.CategoryDataSource
com.jrefinery.chart.VerticalCategoryAxis;com.jrefinery.chart.CategoryPlot
com.jrefinery.chart.VerticalCategoryAxis;com.jrefinery.chart.Plot
com.jrefinery.chart.VerticalCategoryAxis;com.jrefinery.chart.Tick
com.jrefinery.chart.VerticalCategoryAxis;com.jrefinery.chart.VerticalAxis
com.jrefinery.chart.VerticalNumberAxis;com.jrefinery.chart.Axis
com.jrefinery.chart.VerticalNumberAxis;com.jrefinery.chart.NumberAxis
com.jrefinery.chart.VerticalNumberAxis;com.jrefinery.chart.Plot
com.jrefinery.chart.VerticalNumberAxis;com.jrefinery.chart.Tick
com.jrefinery.chart.VerticalNumberAxis;com.jrefinery.chart.ValueAxis
com.jrefinery.chart.VerticalNumberAxis;com.jrefinery.chart.VerticalAxis
com.jrefinery.chart.VerticalNumberAxis;com.jrefinery.chart.VerticalValuePlot
com.jrefinery.chart.VerticalNumberAxis;com.jrefinery.chart.event.AxisChangeEvent
com.jrefinery.chart.XYDataSource;com.jrefinery.chart.DataSource
com.jrefinery.chart.XYPlot;com.jrefinery.chart.Axis
com.jrefinery.chart.XYPlot;com.jrefinery.chart.AxisNotCompatibleException
com.jrefinery.chart.XYPlot;com.jrefinery.chart.DataSource
com.jrefinery.chart.XYPlot;com.jrefinery.chart.DataSources
com.jrefinery.chart.XYPlot;com.jrefinery.chart.HorizontalAxis
com.jrefinery.chart.XYPlot;com.jrefinery.chart.HorizontalDateAxis
com.jrefinery.chart.XYPlot;com.jrefinery.chart.HorizontalNumberAxis
com.jrefinery.chart.XYPlot;com.jrefinery.chart.HorizontalValuePlot
com.jrefinery.chart.XYPlot;com.jrefinery.chart.JFreeChart
com.jrefinery.chart.XYPlot;com.jrefinery.chart.Line
com.jrefinery.chart.XYPlot;com.jrefinery.chart.Plot
com.jrefinery.chart.XYPlot;com.jrefinery.chart.ValueAxis
com.jrefinery.chart.XYPlot;com.jrefinery.chart.VerticalAxis
com.jrefinery.chart.XYPlot;com.jrefinery.chart.VerticalNumberAxis
com.jrefinery.chart.XYPlot;com.jrefinery.chart.VerticalValuePlot
com.jrefinery.chart.XYPlot;com.jrefinery.chart.XYDataSource
com.jrefinery.chart.data.LinearPlotFitAlgorithm;!defaultpackage!.D[][]
com.jrefinery.chart.data.LinearPlotFitAlgorithm;com.jrefinery.chart.DataSource
com.jrefinery.chart.data.LinearPlotFitAlgorithm;com.jrefinery.chart.XYDataSource
com.jrefinery.chart.data.LinearPlotFitAlgorithm;com.jrefinery.chart.data.PlotFitAlgorithm
com.jrefinery.chart.data.LinearPlotFitAlgorithm;com.jrefinery.chart.data.Statistics
com.jrefinery.chart.data.MovingAveragePlotFitAlgorithm;com.jrefinery.chart.DataSource
com.jrefinery.chart.data.MovingAveragePlotFitAlgorithm;com.jrefinery.chart.XYDataSource
com.jrefinery.chart.data.MovingAveragePlotFitAlgorithm;com.jrefinery.chart.data.ArrayHolder
com.jrefinery.chart.data.MovingAveragePlotFitAlgorithm;com.jrefinery.chart.data.PlotFitAlgorithm
com.jrefinery.chart.data.MovingAveragePlotFitAlgorithm;com.jrefinery.chart.data.Statistics
com.jrefinery.chart.data.PlotFit;com.jrefinery.chart.DataSource
com.jrefinery.chart.data.PlotFit;com.jrefinery.chart.DefaultXYDataSource
com.jrefinery.chart.data.PlotFit;com.jrefinery.chart.XYDataSource
com.jrefinery.chart.data.PlotFit;com.jrefinery.chart.data.PlotFitAlgorithm
com.jrefinery.chart.data.PlotFitAlgorithm;com.jrefinery.chart.XYDataSource
com.jrefinery.chart.data.Statistics;!defaultpackage!.D[][]
com.jrefinery.chart.demo.JFreeChartDemo;com.jrefinery.chart.Axis
com.jrefinery.chart.demo.JFreeChartDemo;com.jrefinery.chart.CategoryDataSource
com.jrefinery.chart.demo.JFreeChartDemo;com.jrefinery.chart.DataSource
com.jrefinery.chart.demo.JFreeChartDemo;com.jrefinery.chart.DefaultCategoryDataSource
com.jrefinery.chart.demo.JFreeChartDemo;com.jrefinery.chart.DefaultXYDataSource
com.jrefinery.chart.demo.JFreeChartDemo;com.jrefinery.chart.HorizontalCategoryAxis
com.jrefinery.chart.demo.JFreeChartDemo;com.jrefinery.chart.JFreeChart
com.jrefinery.chart.demo.JFreeChartDemo;com.jrefinery.chart.JFreeChartPanel
com.jrefinery.chart.demo.JFreeChartDemo;com.jrefinery.chart.NumberAxis
com.jrefinery.chart.demo.JFreeChartDemo;com.jrefinery.chart.Plot
com.jrefinery.chart.demo.JFreeChartDemo;com.jrefinery.chart.StandardTitle
com.jrefinery.chart.demo.JFreeChartDemo;com.jrefinery.chart.Title
com.jrefinery.chart.demo.JFreeChartDemo;com.jrefinery.chart.ValueAxis
com.jrefinery.chart.demo.JFreeChartDemo;com.jrefinery.chart.VerticalNumberAxis
com.jrefinery.chart.demo.JFreeChartDemo;com.jrefinery.chart.XYDataSource
com.jrefinery.chart.demo.JFreeChartDemo;com.jrefinery.chart.data.LinearPlotFitAlgorithm
com.jrefinery.chart.demo.JFreeChartDemo;com.jrefinery.chart.data.MovingAveragePlotFitAlgorithm
com.jrefinery.chart.demo.JFreeChartDemo;com.jrefinery.chart.data.PlotFit
com.jrefinery.chart.demo.JFreeChartDemo;com.jrefinery.chart.data.PlotFitAlgorithm
com.jrefinery.chart.demo.JFreeChartDemo;com.jrefinery.chart.demo.AboutFrame
com.jrefinery.chart.demo.JFreeChartDemo;com.jrefinery.chart.demo.JFreeChartDemo$1
com.jrefinery.chart.demo.JFreeChartDemo;com.jrefinery.chart.demo.SampleXYDataSource
com.jrefinery.chart.demo.JFreeChartDemo;com.jrefinery.chart.ui.ChartPropertyEditPanel
com.jrefinery.chart.demo.JFreeChartDemo;com.jrefinery.util.ui.Swing
com.jrefinery.chart.demo.JFreeChartDemo;com.jrefinery.util.ui.SystemPropertiesFrame
com.jrefinery.chart.demo.JFreeChartDemo$1;com.jrefinery.chart.demo.JFreeChartDemo
com.jrefinery.chart.demo.SampleXYDataSource;com.jrefinery.chart.AbstractDataSource
com.jrefinery.chart.demo.SampleXYDataSource;com.jrefinery.chart.XYDataSource
com.jrefinery.chart.event.AxisChangeEvent;com.jrefinery.chart.Axis
com.jrefinery.chart.event.AxisChangeEvent;com.jrefinery.chart.event.ChartChangeEvent
com.jrefinery.chart.event.AxisChangeListener;com.jrefinery.chart.event.AxisChangeEvent
com.jrefinery.chart.event.ChartChangeEvent;com.jrefinery.chart.JFreeChart
com.jrefinery.chart.event.ChartChangeListener;com.jrefinery.chart.event.ChartChangeEvent
com.jrefinery.chart.event.DataSourceChangeEvent;com.jrefinery.chart.DataSource
com.jrefinery.chart.event.DataSourceChangeEvent;com.jrefinery.chart.event.ChartChangeEvent
com.jrefinery.chart.event.DataSourceChangeListener;com.jrefinery.chart.event.DataSourceChangeEvent
com.jrefinery.chart.event.LegendChangeEvent;com.jrefinery.chart.Legend
com.jrefinery.chart.event.LegendChangeEvent;com.jrefinery.chart.event.ChartChangeEvent
com.jrefinery.chart.event.LegendChangeListener;com.jrefinery.chart.event.LegendChangeEvent
com.jrefinery.chart.event.PlotChangeEvent;com.jrefinery.chart.Plot
com.jrefinery.chart.event.PlotChangeEvent;com.jrefinery.chart.event.ChartChangeEvent
com.jrefinery.chart.event.PlotChangeListener;com.jrefinery.chart.event.PlotChangeEvent
com.jrefinery.chart.event.TitleChangeEvent;com.jrefinery.chart.Title
com.jrefinery.chart.event.TitleChangeEvent;com.jrefinery.chart.event.ChartChangeEvent
com.jrefinery.chart.event.TitleChangeListener;com.jrefinery.chart.event.TitleChangeEvent
com.jrefinery.chart.ui.AxisPropertyEditPanel;com.jrefinery.chart.Axis
com.jrefinery.chart.ui.AxisPropertyEditPanel;com.jrefinery.chart.NumberAxis
com.jrefinery.chart.ui.AxisPropertyEditPanel;com.jrefinery.chart.ui.NumberAxisPropertyEditPanel
com.jrefinery.chart.ui.AxisPropertyEditPanel;com.jrefinery.util.ui.FontChooserPanel
com.jrefinery.chart.ui.AxisPropertyEditPanel;com.jrefinery.util.ui.FontDescriptionTextField
com.jrefinery.chart.ui.AxisPropertyEditPanel;com.jrefinery.util.ui.LCBLayout
com.jrefinery.chart.ui.AxisPropertyEditPanel;com.jrefinery.util.ui.PaintSample
com.jrefinery.chart.ui.ChartPropertyEditPanel;com.jrefinery.chart.JFreeChart
com.jrefinery.chart.ui.ChartPropertyEditPanel;com.jrefinery.chart.Legend
com.jrefinery.chart.ui.ChartPropertyEditPanel;com.jrefinery.chart.Plot
com.jrefinery.chart.ui.ChartPropertyEditPanel;com.jrefinery.chart.StandardTitle
com.jrefinery.chart.ui.ChartPropertyEditPanel;com.jrefinery.chart.Title
com.jrefinery.chart.ui.ChartPropertyEditPanel;com.jrefinery.chart.ui.LegendPropertyEditPanel
com.jrefinery.chart.ui.ChartPropertyEditPanel;com.jrefinery.chart.ui.PlotPropertyEditPanel
com.jrefinery.chart.ui.ChartPropertyEditPanel;com.jrefinery.chart.ui.TitlePropertyEditPanel
com.jrefinery.chart.ui.ChartPropertyEditPanel;com.jrefinery.util.ui.LCBLayout
com.jrefinery.chart.ui.ChartPropertyEditPanel;com.jrefinery.util.ui.PaintSample
com.jrefinery.chart.ui.LegendPropertyEditPanel;com.jrefinery.chart.Legend
com.jrefinery.chart.ui.LegendPropertyEditPanel;com.jrefinery.chart.StandardLegend
com.jrefinery.chart.ui.LegendPropertyEditPanel;com.jrefinery.util.ui.FontChooserPanel
com.jrefinery.chart.ui.LegendPropertyEditPanel;com.jrefinery.util.ui.FontDescriptionTextField
com.jrefinery.chart.ui.LegendPropertyEditPanel;com.jrefinery.util.ui.LCBLayout
com.jrefinery.chart.ui.LegendPropertyEditPanel;com.jrefinery.util.ui.PaintSample
com.jrefinery.chart.ui.LegendPropertyEditPanel;com.jrefinery.util.ui.StrokeChooserPanel
com.jrefinery.chart.ui.LegendPropertyEditPanel;com.jrefinery.util.ui.StrokeSample
com.jrefinery.chart.ui.NumberAxisPropertyEditPanel;com.jrefinery.chart.Axis
com.jrefinery.chart.ui.NumberAxisPropertyEditPanel;com.jrefinery.chart.NumberAxis
com.jrefinery.chart.ui.NumberAxisPropertyEditPanel;com.jrefinery.chart.ValueAxis
com.jrefinery.chart.ui.NumberAxisPropertyEditPanel;com.jrefinery.chart.ui.AxisPropertyEditPanel
com.jrefinery.chart.ui.NumberAxisPropertyEditPanel;com.jrefinery.util.ui.LCBLayout
com.jrefinery.chart.ui.NumberAxisPropertyEditPanel;com.jrefinery.util.ui.PaintSample
com.jrefinery.chart.ui.NumberAxisPropertyEditPanel;com.jrefinery.util.ui.StrokeChooserPanel
com.jrefinery.chart.ui.NumberAxisPropertyEditPanel;com.jrefinery.util.ui.StrokeSample
com.jrefinery.chart.ui.PlotPropertyEditPanel;com.jrefinery.chart.Axis
com.jrefinery.chart.ui.PlotPropertyEditPanel;com.jrefinery.chart.Plot
com.jrefinery.chart.ui.PlotPropertyEditPanel;com.jrefinery.chart.ui.AxisPropertyEditPanel
com.jrefinery.chart.ui.PlotPropertyEditPanel;com.jrefinery.util.ui.LCBLayout
com.jrefinery.chart.ui.PlotPropertyEditPanel;com.jrefinery.util.ui.PaintSample
com.jrefinery.chart.ui.PlotPropertyEditPanel;com.jrefinery.util.ui.StrokeChooserPanel
com.jrefinery.chart.ui.PlotPropertyEditPanel;com.jrefinery.util.ui.StrokeSample
com.jrefinery.chart.ui.TitlePropertyEditPanel;com.jrefinery.chart.StandardTitle
com.jrefinery.chart.ui.TitlePropertyEditPanel;com.jrefinery.chart.Title
com.jrefinery.chart.ui.TitlePropertyEditPanel;com.jrefinery.util.ui.FontChooserPanel
com.jrefinery.chart.ui.TitlePropertyEditPanel;com.jrefinery.util.ui.FontDescriptionTextField
com.jrefinery.chart.ui.TitlePropertyEditPanel;com.jrefinery.util.ui.LCBLayout
com.jrefinery.chart.ui.TitlePropertyEditPanel;com.jrefinery.util.ui.PaintSample
com.jrefinery.util.ui.SortButtonRenderer;com.jrefinery.util.ui.BevelArrowIcon
com.jrefinery.util.ui.SortButtonRenderer;com.jrefinery.util.ui.SortableTableModel
com.jrefinery.util.ui.SortableTableHeaderListener;com.jrefinery.util.ui.SortButtonRenderer
com.jrefinery.util.ui.SortableTableHeaderListener;com.jrefinery.util.ui.SortableTableModel
com.jrefinery.util.ui.StrokeChooserPanel;com.jrefinery.util.ui.StrokeSample
com.jrefinery.util.ui.Swing;com.jrefinery.util.ui.NumberCellRenderer
com.jrefinery.util.ui.Swing;com.jrefinery.util.ui.SortButtonRenderer
com.jrefinery.util.ui.Swing;com.jrefinery.util.ui.SortableTableHeaderListener
com.jrefinery.util.ui.Swing;com.jrefinery.util.ui.SortableTableModel
com.jrefinery.util.ui.Swing;com.jrefinery.util.ui.SystemPropertiesTableModel
com.jrefinery.util.ui.SystemPropertiesFrame;com.jrefinery.util.ui.Swing
com.jrefinery.util.ui.SystemPropertiesTableModel;com.jrefinery.util.ui.SortableTableModel
com.jrefinery.util.ui.SystemPropertiesTableModel;com.jrefinery.util.ui.SystemProperty
com.jrefinery.util.ui.SystemPropertiesTableModel;com.jrefinery.util.ui.SystemPropertyComparator
com.jrefinery.util.ui.SystemPropertyComparator;com.jrefinery.util.ui.SystemProperty
