!defaultpackage!.AutoRemover;!defaultpackage!.DirPanel
!defaultpackage!.AutoRemover;!defaultpackage!.FtpConnection
!defaultpackage!.AutoRemover;!defaultpackage!.JConnection
!defaultpackage!.AutoRemover;!defaultpackage!.JFtp
!defaultpackage!.AutoRemover;!defaultpackage!.Resource
!defaultpackage!.Creator;!defaultpackage!.DirPanel
!defaultpackage!.Creator;!defaultpackage!.FtpConnection
!defaultpackage!.Creator;!defaultpackage!.HButton
!defaultpackage!.Creator;!defaultpackage!.HFrame
!defaultpackage!.Creator;!defaultpackage!.HPanel
!defaultpackage!.Creator;!defaultpackage!.HTextField
!defaultpackage!.Creator;!defaultpackage!.JConnection
!defaultpackage!.Creator;!defaultpackage!.JFtp
!defaultpackage!.Creator;!defaultpackage!.Resource
!defaultpackage!.DataConnection;!defaultpackage!.JFtp
!defaultpackage!.DataConnection;!defaultpackage!.Resource
!defaultpackage!.DataConnection;!defaultpackage!.Settings
!defaultpackage!.DataConnection$1;!defaultpackage!.DataConnection
!defaultpackage!.DataConnection$1;!defaultpackage!.JFtp
!defaultpackage!.DirCellRenderer;!defaultpackage!.DirEntry
!defaultpackage!.DirCellRenderer;!defaultpackage!.Settings
!defaultpackage!.DirEntry;!defaultpackage!.DirPanel
!defaultpackage!.DirEntry;!defaultpackage!.HImage
!defaultpackage!.DirEntry;!defaultpackage!.Settings
!defaultpackage!.DirLister;!defaultpackage!.DataConnection
!defaultpackage!.DirLister;!defaultpackage!.FtpConnection
!defaultpackage!.DirLister;!defaultpackage!.JConnection
!defaultpackage!.DirLister;!defaultpackage!.JFtp
!defaultpackage!.DirLister;!defaultpackage!.Resource
!defaultpackage!.DirLister;!defaultpackage!.Settings
!defaultpackage!.DirPanel;!defaultpackage!.Creator
!defaultpackage!.DirPanel;!defaultpackage!.DirCellRenderer
!defaultpackage!.DirPanel;!defaultpackage!.DirEntry
!defaultpackage!.DirPanel;!defaultpackage!.DirLister
!defaultpackage!.DirPanel;!defaultpackage!.DirPanel$1
!defaultpackage!.DirPanel;!defaultpackage!.FtpConnection
!defaultpackage!.DirPanel;!defaultpackage!.HImage
!defaultpackage!.DirPanel;!defaultpackage!.JConnection
!defaultpackage!.DirPanel;!defaultpackage!.JFtp
!defaultpackage!.DirPanel;!defaultpackage!.PathChanger
!defaultpackage!.DirPanel;!defaultpackage!.RemoteCommand
!defaultpackage!.DirPanel;!defaultpackage!.Remover
!defaultpackage!.DirPanel;!defaultpackage!.Resource
!defaultpackage!.DirPanel;!defaultpackage!.SaveSet
!defaultpackage!.DirPanel;!defaultpackage!.Settings
!defaultpackage!.DirPanel$1;!defaultpackage!.DirEntry
!defaultpackage!.DirPanel$1;!defaultpackage!.DirPanel
!defaultpackage!.Displayer;!defaultpackage!.Displayer$1
!defaultpackage!.Displayer;!defaultpackage!.HFrame
!defaultpackage!.Displayer;!defaultpackage!.JFtp
!defaultpackage!.Displayer$1;!defaultpackage!.Displayer
!defaultpackage!.FtpConnection;!defaultpackage!.DirPanel
!defaultpackage!.FtpConnection;!defaultpackage!.JConnection
!defaultpackage!.FtpConnection;!defaultpackage!.JFtp
!defaultpackage!.FtpConnection;!defaultpackage!.Resource
!defaultpackage!.HButton;!defaultpackage!.Settings
!defaultpackage!.HFrame;!defaultpackage!.Settings
!defaultpackage!.HImageButton;!defaultpackage!.HImage
!defaultpackage!.HImageButton;!defaultpackage!.JFtp
!defaultpackage!.HImageButton;!defaultpackage!.Settings
!defaultpackage!.HImageButton;!defaultpackage!.StatusPanel
!defaultpackage!.HPanel;!defaultpackage!.Settings
!defaultpackage!.HostChooser;!defaultpackage!.FtpConnection
!defaultpackage!.HostChooser;!defaultpackage!.HButton
!defaultpackage!.HostChooser;!defaultpackage!.HFrame
!defaultpackage!.HostChooser;!defaultpackage!.HPanel
!defaultpackage!.HostChooser;!defaultpackage!.HPasswordField
!defaultpackage!.HostChooser;!defaultpackage!.HTextField
!defaultpackage!.HostChooser;!defaultpackage!.HostList
!defaultpackage!.HostChooser;!defaultpackage!.JFtp
!defaultpackage!.HostChooser;!defaultpackage!.LoadSet
!defaultpackage!.HostChooser;!defaultpackage!.Resource
!defaultpackage!.HostChooser;!defaultpackage!.SaveSet
!defaultpackage!.HostChooser;!defaultpackage!.Settings
!defaultpackage!.HostList;!defaultpackage!.HButton
!defaultpackage!.HostList;!defaultpackage!.HFrame
!defaultpackage!.HostList;!defaultpackage!.HPanel
!defaultpackage!.HostList;!defaultpackage!.HPasswordField
!defaultpackage!.HostList;!defaultpackage!.HTextField
!defaultpackage!.HostList;!defaultpackage!.HostChooser
!defaultpackage!.HostList;!defaultpackage!.LoadSet
!defaultpackage!.HostList;!defaultpackage!.Resource
!defaultpackage!.HostList;!defaultpackage!.SaveSet
!defaultpackage!.JConnection;!defaultpackage!.JFtp
!defaultpackage!.JFtp;!defaultpackage!.DirPanel
!defaultpackage!.JFtp;!defaultpackage!.HImage
!defaultpackage!.JFtp;!defaultpackage!.HImageButton
!defaultpackage!.JFtp;!defaultpackage!.HPanel
!defaultpackage!.JFtp;!defaultpackage!.HostChooser
!defaultpackage!.JFtp;!defaultpackage!.Settings
!defaultpackage!.JFtp;!defaultpackage!.StatusPanel
!defaultpackage!.JFtp$1;!defaultpackage!.JFtp
!defaultpackage!.LoadPanel;!defaultpackage!.DirEntry
!defaultpackage!.LoadPanel;!defaultpackage!.DirPanel
!defaultpackage!.LoadPanel;!defaultpackage!.HButton
!defaultpackage!.LoadPanel;!defaultpackage!.HPanel
!defaultpackage!.LoadPanel;!defaultpackage!.JFtp
!defaultpackage!.LoadPanel;!defaultpackage!.Resource
!defaultpackage!.LoadPanel;!defaultpackage!.Settings
!defaultpackage!.LoadPanel;!defaultpackage!.Template
!defaultpackage!.LoadSet;!defaultpackage!.JFtp
!defaultpackage!.PathChanger;!defaultpackage!.DirPanel
!defaultpackage!.PathChanger;!defaultpackage!.HButton
!defaultpackage!.PathChanger;!defaultpackage!.HFrame
!defaultpackage!.PathChanger;!defaultpackage!.HPanel
!defaultpackage!.PathChanger;!defaultpackage!.HTextField
!defaultpackage!.PathChanger;!defaultpackage!.JFtp
!defaultpackage!.Properties;!defaultpackage!.DirPanel
!defaultpackage!.Properties;!defaultpackage!.HButton
!defaultpackage!.Properties;!defaultpackage!.HFrame
!defaultpackage!.Properties;!defaultpackage!.HPanel
!defaultpackage!.Properties;!defaultpackage!.JFtp
!defaultpackage!.RemoteCommand;!defaultpackage!.FtpConnection
!defaultpackage!.RemoteCommand;!defaultpackage!.HButton
!defaultpackage!.RemoteCommand;!defaultpackage!.HFrame
!defaultpackage!.RemoteCommand;!defaultpackage!.HPanel
!defaultpackage!.RemoteCommand;!defaultpackage!.HTextField
!defaultpackage!.RemoteCommand;!defaultpackage!.JConnection
!defaultpackage!.RemoteCommand;!defaultpackage!.JFtp
!defaultpackage!.RemoteCommand;!defaultpackage!.Resource
!defaultpackage!.Remover;!defaultpackage!.AutoRemover
!defaultpackage!.Remover;!defaultpackage!.DirPanel
!defaultpackage!.Remover;!defaultpackage!.HButton
!defaultpackage!.Remover;!defaultpackage!.HFrame
!defaultpackage!.Remover;!defaultpackage!.HPanel
!defaultpackage!.Remover;!defaultpackage!.HTextField
!defaultpackage!.RemoverQuery;!defaultpackage!.AutoRemover
!defaultpackage!.RemoverQuery;!defaultpackage!.HButton
!defaultpackage!.RemoverQuery;!defaultpackage!.HFrame
!defaultpackage!.Resource;!defaultpackage!.DataConnection
!defaultpackage!.Resource;!defaultpackage!.DirLister
!defaultpackage!.Resource;!defaultpackage!.DirPanel
!defaultpackage!.Resource;!defaultpackage!.FtpConnection
!defaultpackage!.Resource;!defaultpackage!.JConnection
!defaultpackage!.Resource;!defaultpackage!.JFtp
!defaultpackage!.Resource;!defaultpackage!.Settings
!defaultpackage!.Resource;!defaultpackage!.Updater
!defaultpackage!.SaveSet;!defaultpackage!.JFtp
!defaultpackage!.SaveSet;!defaultpackage!.Settings
!defaultpackage!.StatusCanvas;!defaultpackage!.Settings
!defaultpackage!.StatusPanel;!defaultpackage!.Displayer
!defaultpackage!.StatusPanel;!defaultpackage!.HImageButton
!defaultpackage!.StatusPanel;!defaultpackage!.HPanel
!defaultpackage!.StatusPanel;!defaultpackage!.HostChooser
!defaultpackage!.StatusPanel;!defaultpackage!.Settings
!defaultpackage!.StatusPanel;!defaultpackage!.StatusCanvas
!defaultpackage!.Template;!defaultpackage!.HPanel
!defaultpackage!.Updater;!defaultpackage!.JFtp
