net.sourceforge.jtds.jdbc.BlobImpl;net.sourceforge.jtds.jdbc.JtdsConnection
net.sourceforge.jtds.jdbc.BlobImpl;net.sourceforge.jtds.jdbc.Messages
net.sourceforge.jtds.jdbc.BlobImpl;net.sourceforge.jtds.util.BlobBuffer
net.sourceforge.jtds.jdbc.CachedResultSet;!defaultpackage!.B[]
net.sourceforge.jtds.jdbc.CachedResultSet;net.sourceforge.jtds.jdbc.BlobImpl
net.sourceforge.jtds.jdbc.CachedResultSet;net.sourceforge.jtds.jdbc.CharsetInfo
net.sourceforge.jtds.jdbc.CachedResultSet;net.sourceforge.jtds.jdbc.ClobImpl
net.sourceforge.jtds.jdbc.CachedResultSet;net.sourceforge.jtds.jdbc.ColInfo
net.sourceforge.jtds.jdbc.CachedResultSet;net.sourceforge.jtds.jdbc.JtdsConnection
net.sourceforge.jtds.jdbc.CachedResultSet;net.sourceforge.jtds.jdbc.JtdsResultSet
net.sourceforge.jtds.jdbc.CachedResultSet;net.sourceforge.jtds.jdbc.JtdsStatement
net.sourceforge.jtds.jdbc.CachedResultSet;net.sourceforge.jtds.jdbc.Messages
net.sourceforge.jtds.jdbc.CachedResultSet;net.sourceforge.jtds.jdbc.ParamInfo
net.sourceforge.jtds.jdbc.CachedResultSet;net.sourceforge.jtds.jdbc.ParamInfo[]
net.sourceforge.jtds.jdbc.CachedResultSet;net.sourceforge.jtds.jdbc.SQLDiagnostic
net.sourceforge.jtds.jdbc.CachedResultSet;net.sourceforge.jtds.jdbc.SQLParser
net.sourceforge.jtds.jdbc.CachedResultSet;net.sourceforge.jtds.jdbc.Support
net.sourceforge.jtds.jdbc.CachedResultSet;net.sourceforge.jtds.jdbc.TdsCore
net.sourceforge.jtds.jdbc.CachedResultSet;net.sourceforge.jtds.jdbc.TdsData
net.sourceforge.jtds.jdbc.CharsetInfo;net.sourceforge.jtds.jdbc.CharsetInfo$1
net.sourceforge.jtds.jdbc.CharsetInfo;net.sourceforge.jtds.jdbc.Messages
net.sourceforge.jtds.jdbc.CharsetInfo;net.sourceforge.jtds.jdbc.Support
net.sourceforge.jtds.jdbc.CharsetInfo;net.sourceforge.jtds.util.Logger
net.sourceforge.jtds.jdbc.CharsetInfo$1;net.sourceforge.jtds.jdbc.CharsetInfo
net.sourceforge.jtds.jdbc.ClobImpl;net.sourceforge.jtds.jdbc.JtdsConnection
net.sourceforge.jtds.jdbc.ClobImpl;net.sourceforge.jtds.jdbc.Messages
net.sourceforge.jtds.jdbc.ClobImpl;net.sourceforge.jtds.util.BlobBuffer
net.sourceforge.jtds.jdbc.ColInfo;net.sourceforge.jtds.jdbc.CharsetInfo
net.sourceforge.jtds.jdbc.DateTime;net.sourceforge.jtds.jdbc.Messages
net.sourceforge.jtds.jdbc.DefaultProperties;net.sourceforge.jtds.jdbc.Messages
net.sourceforge.jtds.jdbc.Driver;net.sourceforge.jtds.jdbc.DefaultProperties
net.sourceforge.jtds.jdbc.Driver;net.sourceforge.jtds.jdbc.JtdsConnection
net.sourceforge.jtds.jdbc.Driver;net.sourceforge.jtds.jdbc.Messages
net.sourceforge.jtds.jdbc.JtdsCallableStatement;!defaultpackage!.B[]
net.sourceforge.jtds.jdbc.JtdsCallableStatement;net.sourceforge.jtds.jdbc.BlobImpl
net.sourceforge.jtds.jdbc.JtdsCallableStatement;net.sourceforge.jtds.jdbc.ClobImpl
net.sourceforge.jtds.jdbc.JtdsCallableStatement;net.sourceforge.jtds.jdbc.JtdsConnection
net.sourceforge.jtds.jdbc.JtdsCallableStatement;net.sourceforge.jtds.jdbc.JtdsPreparedStatement
net.sourceforge.jtds.jdbc.JtdsCallableStatement;net.sourceforge.jtds.jdbc.Messages
net.sourceforge.jtds.jdbc.JtdsCallableStatement;net.sourceforge.jtds.jdbc.ParamInfo
net.sourceforge.jtds.jdbc.JtdsCallableStatement;net.sourceforge.jtds.jdbc.ParamInfo[]
net.sourceforge.jtds.jdbc.JtdsCallableStatement;net.sourceforge.jtds.jdbc.Support
net.sourceforge.jtds.jdbc.JtdsCallableStatement;net.sourceforge.jtds.jdbc.TdsCore
net.sourceforge.jtds.jdbc.JtdsCallableStatement;net.sourceforge.jtds.jdbc.UniqueIdentifier
net.sourceforge.jtds.jdbc.JtdsConnection;!defaultpackage!.B[]
net.sourceforge.jtds.jdbc.JtdsConnection;!defaultpackage!.B[][]
net.sourceforge.jtds.jdbc.JtdsConnection;net.sourceforge.jtds.jdbc.CharsetInfo
net.sourceforge.jtds.jdbc.JtdsConnection;net.sourceforge.jtds.jdbc.ColInfo
net.sourceforge.jtds.jdbc.JtdsConnection;net.sourceforge.jtds.jdbc.DefaultProperties
net.sourceforge.jtds.jdbc.JtdsConnection;net.sourceforge.jtds.jdbc.JtdsCallableStatement
net.sourceforge.jtds.jdbc.JtdsConnection;net.sourceforge.jtds.jdbc.JtdsConnection$1
net.sourceforge.jtds.jdbc.JtdsConnection;net.sourceforge.jtds.jdbc.JtdsDatabaseMetaData
net.sourceforge.jtds.jdbc.JtdsConnection;net.sourceforge.jtds.jdbc.JtdsPreparedStatement
net.sourceforge.jtds.jdbc.JtdsConnection;net.sourceforge.jtds.jdbc.JtdsStatement
net.sourceforge.jtds.jdbc.JtdsConnection;net.sourceforge.jtds.jdbc.MSSqlServerInfo
net.sourceforge.jtds.jdbc.JtdsConnection;net.sourceforge.jtds.jdbc.Messages
net.sourceforge.jtds.jdbc.JtdsConnection;net.sourceforge.jtds.jdbc.ParamInfo
net.sourceforge.jtds.jdbc.JtdsConnection;net.sourceforge.jtds.jdbc.ProcEntry
net.sourceforge.jtds.jdbc.JtdsConnection;net.sourceforge.jtds.jdbc.SQLDiagnostic
net.sourceforge.jtds.jdbc.JtdsConnection;net.sourceforge.jtds.jdbc.SQLParser
net.sourceforge.jtds.jdbc.JtdsConnection;net.sourceforge.jtds.jdbc.SavepointImpl
net.sourceforge.jtds.jdbc.JtdsConnection;net.sourceforge.jtds.jdbc.Semaphore
net.sourceforge.jtds.jdbc.JtdsConnection;net.sourceforge.jtds.jdbc.SharedLocalNamedPipe
net.sourceforge.jtds.jdbc.JtdsConnection;net.sourceforge.jtds.jdbc.SharedNamedPipe
net.sourceforge.jtds.jdbc.JtdsConnection;net.sourceforge.jtds.jdbc.SharedSocket
net.sourceforge.jtds.jdbc.JtdsConnection;net.sourceforge.jtds.jdbc.Support
net.sourceforge.jtds.jdbc.JtdsConnection;net.sourceforge.jtds.jdbc.TdsCore
net.sourceforge.jtds.jdbc.JtdsConnection;net.sourceforge.jtds.jdbc.TdsData
net.sourceforge.jtds.jdbc.JtdsConnection;net.sourceforge.jtds.jdbc.cache.ProcedureCache
net.sourceforge.jtds.jdbc.JtdsConnection;net.sourceforge.jtds.jdbc.cache.StatementCache
net.sourceforge.jtds.jdbc.JtdsConnection;net.sourceforge.jtds.util.Logger
net.sourceforge.jtds.jdbc.JtdsConnection;net.sourceforge.jtds.util.TimerThread
net.sourceforge.jtds.jdbc.JtdsConnection;net.sourceforge.jtds.util.TimerThread$TimerListener
net.sourceforge.jtds.jdbc.JtdsConnection$1;net.sourceforge.jtds.jdbc.JtdsConnection
net.sourceforge.jtds.jdbc.JtdsConnection$1;net.sourceforge.jtds.jdbc.SharedSocket
net.sourceforge.jtds.jdbc.JtdsConnection$1;net.sourceforge.jtds.util.TimerThread$TimerListener
net.sourceforge.jtds.jdbc.JtdsDatabaseMetaData;net.sourceforge.jtds.jdbc.CachedResultSet
net.sourceforge.jtds.jdbc.JtdsDatabaseMetaData;net.sourceforge.jtds.jdbc.Driver
net.sourceforge.jtds.jdbc.JtdsDatabaseMetaData;net.sourceforge.jtds.jdbc.JtdsConnection
net.sourceforge.jtds.jdbc.JtdsDatabaseMetaData;net.sourceforge.jtds.jdbc.JtdsResultSet
net.sourceforge.jtds.jdbc.JtdsDatabaseMetaData;net.sourceforge.jtds.jdbc.JtdsStatement
net.sourceforge.jtds.jdbc.JtdsDatabaseMetaData;net.sourceforge.jtds.jdbc.Messages
net.sourceforge.jtds.jdbc.JtdsDatabaseMetaData;net.sourceforge.jtds.jdbc.TdsData
net.sourceforge.jtds.jdbc.JtdsDatabaseMetaData;net.sourceforge.jtds.jdbc.TypeInfo
net.sourceforge.jtds.jdbc.JtdsPreparedStatement;!defaultpackage!.B[]
net.sourceforge.jtds.jdbc.JtdsPreparedStatement;net.sourceforge.jtds.jdbc.ColInfo
net.sourceforge.jtds.jdbc.JtdsPreparedStatement;net.sourceforge.jtds.jdbc.DateTime
net.sourceforge.jtds.jdbc.JtdsPreparedStatement;net.sourceforge.jtds.jdbc.JtdsCallableStatement
net.sourceforge.jtds.jdbc.JtdsPreparedStatement;net.sourceforge.jtds.jdbc.JtdsConnection
net.sourceforge.jtds.jdbc.JtdsPreparedStatement;net.sourceforge.jtds.jdbc.JtdsResultSet
net.sourceforge.jtds.jdbc.JtdsPreparedStatement;net.sourceforge.jtds.jdbc.JtdsResultSetMetaData
net.sourceforge.jtds.jdbc.JtdsPreparedStatement;net.sourceforge.jtds.jdbc.JtdsStatement
net.sourceforge.jtds.jdbc.JtdsPreparedStatement;net.sourceforge.jtds.jdbc.Messages
net.sourceforge.jtds.jdbc.JtdsPreparedStatement;net.sourceforge.jtds.jdbc.ParamInfo
net.sourceforge.jtds.jdbc.JtdsPreparedStatement;net.sourceforge.jtds.jdbc.ParamInfo[]
net.sourceforge.jtds.jdbc.JtdsPreparedStatement;net.sourceforge.jtds.jdbc.SQLParser
net.sourceforge.jtds.jdbc.JtdsPreparedStatement;net.sourceforge.jtds.jdbc.Support
net.sourceforge.jtds.jdbc.JtdsPreparedStatement;net.sourceforge.jtds.jdbc.TdsCore
net.sourceforge.jtds.jdbc.JtdsResultSet;!defaultpackage!.B[]
net.sourceforge.jtds.jdbc.JtdsResultSet;net.sourceforge.jtds.jdbc.CachedResultSet
net.sourceforge.jtds.jdbc.JtdsResultSet;net.sourceforge.jtds.jdbc.ClobImpl
net.sourceforge.jtds.jdbc.JtdsResultSet;net.sourceforge.jtds.jdbc.ColInfo
net.sourceforge.jtds.jdbc.JtdsResultSet;net.sourceforge.jtds.jdbc.DateTime
net.sourceforge.jtds.jdbc.JtdsResultSet;net.sourceforge.jtds.jdbc.JtdsConnection
net.sourceforge.jtds.jdbc.JtdsResultSet;net.sourceforge.jtds.jdbc.JtdsResultSetMetaData
net.sourceforge.jtds.jdbc.JtdsResultSet;net.sourceforge.jtds.jdbc.JtdsStatement
net.sourceforge.jtds.jdbc.JtdsResultSet;net.sourceforge.jtds.jdbc.Messages
net.sourceforge.jtds.jdbc.JtdsResultSet;net.sourceforge.jtds.jdbc.SQLDiagnostic
net.sourceforge.jtds.jdbc.JtdsResultSet;net.sourceforge.jtds.jdbc.Support
net.sourceforge.jtds.jdbc.JtdsResultSet;net.sourceforge.jtds.jdbc.TdsCore
net.sourceforge.jtds.jdbc.JtdsResultSet;net.sourceforge.jtds.jdbc.UniqueIdentifier
net.sourceforge.jtds.jdbc.JtdsResultSet;net.sourceforge.jtds.util.BlobBuffer
net.sourceforge.jtds.jdbc.JtdsResultSetMetaData;net.sourceforge.jtds.jdbc.ColInfo
net.sourceforge.jtds.jdbc.JtdsResultSetMetaData;net.sourceforge.jtds.jdbc.Messages
net.sourceforge.jtds.jdbc.JtdsResultSetMetaData;net.sourceforge.jtds.jdbc.Support
net.sourceforge.jtds.jdbc.JtdsResultSetMetaData;net.sourceforge.jtds.jdbc.TdsData
net.sourceforge.jtds.jdbc.JtdsStatement;net.sourceforge.jtds.jdbc.CachedResultSet
net.sourceforge.jtds.jdbc.JtdsStatement;net.sourceforge.jtds.jdbc.ColInfo
net.sourceforge.jtds.jdbc.JtdsStatement;net.sourceforge.jtds.jdbc.JtdsCallableStatement
net.sourceforge.jtds.jdbc.JtdsStatement;net.sourceforge.jtds.jdbc.JtdsConnection
net.sourceforge.jtds.jdbc.JtdsStatement;net.sourceforge.jtds.jdbc.JtdsPreparedStatement
net.sourceforge.jtds.jdbc.JtdsStatement;net.sourceforge.jtds.jdbc.JtdsResultSet
net.sourceforge.jtds.jdbc.JtdsStatement;net.sourceforge.jtds.jdbc.MSCursorResultSet
net.sourceforge.jtds.jdbc.JtdsStatement;net.sourceforge.jtds.jdbc.Messages
net.sourceforge.jtds.jdbc.JtdsStatement;net.sourceforge.jtds.jdbc.ParamInfo
net.sourceforge.jtds.jdbc.JtdsStatement;net.sourceforge.jtds.jdbc.SQLDiagnostic
net.sourceforge.jtds.jdbc.JtdsStatement;net.sourceforge.jtds.jdbc.SQLParser
net.sourceforge.jtds.jdbc.JtdsStatement;net.sourceforge.jtds.jdbc.TdsCore
net.sourceforge.jtds.jdbc.MSCursorResultSet;net.sourceforge.jtds.jdbc.CharsetInfo
net.sourceforge.jtds.jdbc.MSCursorResultSet;net.sourceforge.jtds.jdbc.ColInfo
net.sourceforge.jtds.jdbc.MSCursorResultSet;net.sourceforge.jtds.jdbc.JtdsConnection
net.sourceforge.jtds.jdbc.MSCursorResultSet;net.sourceforge.jtds.jdbc.JtdsResultSet
net.sourceforge.jtds.jdbc.MSCursorResultSet;net.sourceforge.jtds.jdbc.JtdsStatement
net.sourceforge.jtds.jdbc.MSCursorResultSet;net.sourceforge.jtds.jdbc.Messages
net.sourceforge.jtds.jdbc.MSCursorResultSet;net.sourceforge.jtds.jdbc.ParamInfo
net.sourceforge.jtds.jdbc.MSCursorResultSet;net.sourceforge.jtds.jdbc.SQLDiagnostic
net.sourceforge.jtds.jdbc.MSCursorResultSet;net.sourceforge.jtds.jdbc.Support
net.sourceforge.jtds.jdbc.MSCursorResultSet;net.sourceforge.jtds.jdbc.TdsCore
net.sourceforge.jtds.jdbc.MSCursorResultSet;net.sourceforge.jtds.jdbc.TdsData
net.sourceforge.jtds.jdbc.MSSqlServerInfo;net.sourceforge.jtds.jdbc.Messages
net.sourceforge.jtds.jdbc.MSSqlServerInfo;net.sourceforge.jtds.util.Logger
net.sourceforge.jtds.jdbc.NtlmAuth;net.sourceforge.jtds.util.DESEngine
net.sourceforge.jtds.jdbc.NtlmAuth;net.sourceforge.jtds.util.MD4Digest
net.sourceforge.jtds.jdbc.NtlmAuth;net.sourceforge.jtds.util.MD5Digest
net.sourceforge.jtds.jdbc.ParamInfo;!defaultpackage!.B[]
net.sourceforge.jtds.jdbc.ParamInfo;net.sourceforge.jtds.jdbc.CharsetInfo
net.sourceforge.jtds.jdbc.ParamInfo;net.sourceforge.jtds.jdbc.ColInfo
net.sourceforge.jtds.jdbc.ParamInfo;net.sourceforge.jtds.jdbc.Messages
net.sourceforge.jtds.jdbc.ParamInfo;net.sourceforge.jtds.jdbc.Support
net.sourceforge.jtds.jdbc.ParamInfo;net.sourceforge.jtds.jdbc.TdsData
net.sourceforge.jtds.jdbc.ParameterMetaDataImpl;net.sourceforge.jtds.jdbc.JtdsConnection
net.sourceforge.jtds.jdbc.ParameterMetaDataImpl;net.sourceforge.jtds.jdbc.Messages
net.sourceforge.jtds.jdbc.ParameterMetaDataImpl;net.sourceforge.jtds.jdbc.ParamInfo
net.sourceforge.jtds.jdbc.ParameterMetaDataImpl;net.sourceforge.jtds.jdbc.Support
net.sourceforge.jtds.jdbc.ProcEntry;net.sourceforge.jtds.jdbc.ColInfo
net.sourceforge.jtds.jdbc.ProcEntry;net.sourceforge.jtds.jdbc.ParamInfo
net.sourceforge.jtds.jdbc.RequestStream;net.sourceforge.jtds.jdbc.SharedSocket
net.sourceforge.jtds.jdbc.RequestStream;net.sourceforge.jtds.jdbc.SharedSocket$VirtualSocket
net.sourceforge.jtds.jdbc.RequestStream;net.sourceforge.jtds.jdbc.Support
net.sourceforge.jtds.jdbc.RequestStream;net.sourceforge.jtds.util.Logger
net.sourceforge.jtds.jdbc.ResponseStream;net.sourceforge.jtds.jdbc.CharsetInfo
net.sourceforge.jtds.jdbc.ResponseStream;net.sourceforge.jtds.jdbc.ResponseStream$TdsInputStream
net.sourceforge.jtds.jdbc.ResponseStream;net.sourceforge.jtds.jdbc.SharedSocket
net.sourceforge.jtds.jdbc.ResponseStream;net.sourceforge.jtds.jdbc.SharedSocket$VirtualSocket
net.sourceforge.jtds.jdbc.ResponseStream;net.sourceforge.jtds.util.Logger
net.sourceforge.jtds.jdbc.ResponseStream$TdsInputStream;net.sourceforge.jtds.jdbc.ResponseStream
net.sourceforge.jtds.jdbc.SQLParser;net.sourceforge.jtds.jdbc.JtdsConnection
net.sourceforge.jtds.jdbc.SQLParser;net.sourceforge.jtds.jdbc.Messages
net.sourceforge.jtds.jdbc.SQLParser;net.sourceforge.jtds.jdbc.ParamInfo
net.sourceforge.jtds.jdbc.SQLParser;net.sourceforge.jtds.jdbc.SQLParser$CachedSQLQuery
net.sourceforge.jtds.jdbc.SQLParser;net.sourceforge.jtds.jdbc.cache.SQLCacheKey
net.sourceforge.jtds.jdbc.SQLParser;net.sourceforge.jtds.jdbc.cache.SimpleLRUCache
net.sourceforge.jtds.jdbc.SQLParser$CachedSQLQuery;net.sourceforge.jtds.jdbc.ParamInfo
net.sourceforge.jtds.jdbc.SavepointImpl;net.sourceforge.jtds.jdbc.Messages
net.sourceforge.jtds.jdbc.SharedLocalNamedPipe;net.sourceforge.jtds.jdbc.DefaultProperties
net.sourceforge.jtds.jdbc.SharedLocalNamedPipe;net.sourceforge.jtds.jdbc.JtdsConnection
net.sourceforge.jtds.jdbc.SharedLocalNamedPipe;net.sourceforge.jtds.jdbc.SharedSocket
net.sourceforge.jtds.jdbc.SharedLocalNamedPipe;net.sourceforge.jtds.jdbc.SharedSocket$VirtualSocket
net.sourceforge.jtds.jdbc.SharedLocalNamedPipe;net.sourceforge.jtds.jdbc.Support
net.sourceforge.jtds.jdbc.SharedNamedPipe;net.sourceforge.jtds.jdbc.DefaultProperties
net.sourceforge.jtds.jdbc.SharedNamedPipe;net.sourceforge.jtds.jdbc.JtdsConnection
net.sourceforge.jtds.jdbc.SharedNamedPipe;net.sourceforge.jtds.jdbc.SharedSocket
net.sourceforge.jtds.jdbc.SharedNamedPipe;net.sourceforge.jtds.jdbc.Support
net.sourceforge.jtds.jdbc.SharedSocket;!defaultpackage!.B[]
net.sourceforge.jtds.jdbc.SharedSocket;net.sourceforge.jtds.jdbc.CharsetInfo
net.sourceforge.jtds.jdbc.SharedSocket;net.sourceforge.jtds.jdbc.JtdsConnection
net.sourceforge.jtds.jdbc.SharedSocket;net.sourceforge.jtds.jdbc.RequestStream
net.sourceforge.jtds.jdbc.SharedSocket;net.sourceforge.jtds.jdbc.ResponseStream
net.sourceforge.jtds.jdbc.SharedSocket;net.sourceforge.jtds.jdbc.SharedSocket$1
net.sourceforge.jtds.jdbc.SharedSocket;net.sourceforge.jtds.jdbc.SharedSocket$VirtualSocket
net.sourceforge.jtds.jdbc.SharedSocket;net.sourceforge.jtds.ssl.SocketFactories
net.sourceforge.jtds.jdbc.SharedSocket;net.sourceforge.jtds.util.Logger
net.sourceforge.jtds.jdbc.SharedSocket$VirtualSocket;net.sourceforge.jtds.jdbc.SharedSocket$1
net.sourceforge.jtds.jdbc.Support;!defaultpackage!.B[]
net.sourceforge.jtds.jdbc.Support;net.sourceforge.jtds.jdbc.BlobImpl
net.sourceforge.jtds.jdbc.Support;net.sourceforge.jtds.jdbc.ClobImpl
net.sourceforge.jtds.jdbc.Support;net.sourceforge.jtds.jdbc.DateTime
net.sourceforge.jtds.jdbc.Support;net.sourceforge.jtds.jdbc.JtdsConnection
net.sourceforge.jtds.jdbc.Support;net.sourceforge.jtds.jdbc.Messages
net.sourceforge.jtds.jdbc.Support;net.sourceforge.jtds.jdbc.ParamInfo
net.sourceforge.jtds.jdbc.Support;net.sourceforge.jtds.jdbc.UniqueIdentifier
net.sourceforge.jtds.jdbc.Support;net.sourceforge.jtds.util.Logger
net.sourceforge.jtds.jdbc.TdsCore;!defaultpackage!.B[]
net.sourceforge.jtds.jdbc.TdsCore;net.sourceforge.jtds.jdbc.CharsetInfo
net.sourceforge.jtds.jdbc.TdsCore;net.sourceforge.jtds.jdbc.ColInfo
net.sourceforge.jtds.jdbc.TdsCore;net.sourceforge.jtds.jdbc.ColInfo[]
net.sourceforge.jtds.jdbc.TdsCore;net.sourceforge.jtds.jdbc.JtdsConnection
net.sourceforge.jtds.jdbc.TdsCore;net.sourceforge.jtds.jdbc.JtdsStatement
net.sourceforge.jtds.jdbc.TdsCore;net.sourceforge.jtds.jdbc.MSCursorResultSet
net.sourceforge.jtds.jdbc.TdsCore;net.sourceforge.jtds.jdbc.Messages
net.sourceforge.jtds.jdbc.TdsCore;net.sourceforge.jtds.jdbc.NtlmAuth
net.sourceforge.jtds.jdbc.TdsCore;net.sourceforge.jtds.jdbc.ParamInfo
net.sourceforge.jtds.jdbc.TdsCore;net.sourceforge.jtds.jdbc.ProtocolException
net.sourceforge.jtds.jdbc.TdsCore;net.sourceforge.jtds.jdbc.RequestStream
net.sourceforge.jtds.jdbc.TdsCore;net.sourceforge.jtds.jdbc.ResponseStream
net.sourceforge.jtds.jdbc.TdsCore;net.sourceforge.jtds.jdbc.SQLDiagnostic
net.sourceforge.jtds.jdbc.TdsCore;net.sourceforge.jtds.jdbc.Semaphore
net.sourceforge.jtds.jdbc.TdsCore;net.sourceforge.jtds.jdbc.SharedSocket
net.sourceforge.jtds.jdbc.TdsCore;net.sourceforge.jtds.jdbc.SharedSocket$VirtualSocket
net.sourceforge.jtds.jdbc.TdsCore;net.sourceforge.jtds.jdbc.Support
net.sourceforge.jtds.jdbc.TdsCore;net.sourceforge.jtds.jdbc.TdsCore$1
net.sourceforge.jtds.jdbc.TdsCore;net.sourceforge.jtds.jdbc.TdsCore$TableMetaData
net.sourceforge.jtds.jdbc.TdsCore;net.sourceforge.jtds.jdbc.TdsCore$TableMetaData[]
net.sourceforge.jtds.jdbc.TdsCore;net.sourceforge.jtds.jdbc.TdsCore$TdsToken
net.sourceforge.jtds.jdbc.TdsCore;net.sourceforge.jtds.jdbc.TdsData
net.sourceforge.jtds.jdbc.TdsCore;net.sourceforge.jtds.util.Logger
net.sourceforge.jtds.jdbc.TdsCore;net.sourceforge.jtds.util.SSPIJNIClient
net.sourceforge.jtds.jdbc.TdsCore;net.sourceforge.jtds.util.TimerThread
net.sourceforge.jtds.jdbc.TdsCore;net.sourceforge.jtds.util.TimerThread$TimerListener
net.sourceforge.jtds.jdbc.TdsCore$1;net.sourceforge.jtds.jdbc.TdsCore
net.sourceforge.jtds.jdbc.TdsCore$1;net.sourceforge.jtds.util.TimerThread$TimerListener
net.sourceforge.jtds.jdbc.TdsCore$TableMetaData;net.sourceforge.jtds.jdbc.TdsCore$1
net.sourceforge.jtds.jdbc.TdsCore$TdsToken;net.sourceforge.jtds.jdbc.ColInfo
net.sourceforge.jtds.jdbc.TdsCore$TdsToken;net.sourceforge.jtds.jdbc.TdsCore$1
net.sourceforge.jtds.jdbc.TdsData;!defaultpackage!.B[]
net.sourceforge.jtds.jdbc.TdsData;net.sourceforge.jtds.jdbc.BlobImpl
net.sourceforge.jtds.jdbc.TdsData;net.sourceforge.jtds.jdbc.CharsetInfo
net.sourceforge.jtds.jdbc.TdsData;net.sourceforge.jtds.jdbc.ClobImpl
net.sourceforge.jtds.jdbc.TdsData;net.sourceforge.jtds.jdbc.ColInfo
net.sourceforge.jtds.jdbc.TdsData;net.sourceforge.jtds.jdbc.DateTime
net.sourceforge.jtds.jdbc.TdsData;net.sourceforge.jtds.jdbc.JtdsConnection
net.sourceforge.jtds.jdbc.TdsData;net.sourceforge.jtds.jdbc.Messages
net.sourceforge.jtds.jdbc.TdsData;net.sourceforge.jtds.jdbc.ParamInfo
net.sourceforge.jtds.jdbc.TdsData;net.sourceforge.jtds.jdbc.ProtocolException
net.sourceforge.jtds.jdbc.TdsData;net.sourceforge.jtds.jdbc.RequestStream
net.sourceforge.jtds.jdbc.TdsData;net.sourceforge.jtds.jdbc.ResponseStream
net.sourceforge.jtds.jdbc.TdsData;net.sourceforge.jtds.jdbc.Support
net.sourceforge.jtds.jdbc.TdsData;net.sourceforge.jtds.jdbc.TdsData$TypeInfo
net.sourceforge.jtds.jdbc.TdsData;net.sourceforge.jtds.jdbc.UniqueIdentifier
net.sourceforge.jtds.jdbc.TdsData;net.sourceforge.jtds.util.BlobBuffer
net.sourceforge.jtds.jdbc.UniqueIdentifier;!defaultpackage!.B[]
net.sourceforge.jtds.jdbc.UniqueIdentifier;net.sourceforge.jtds.jdbc.Support
net.sourceforge.jtds.jdbc.XASupport;net.sourceforge.jtds.jdbc.JtdsConnection
net.sourceforge.jtds.jdbc.XASupport;net.sourceforge.jtds.jdbc.Messages
net.sourceforge.jtds.jdbc.XASupport;net.sourceforge.jtds.jdbcx.JtdsXid
net.sourceforge.jtds.jdbc.XASupport;net.sourceforge.jtds.util.Logger
net.sourceforge.jtds.jdbc.cache.ProcedureCache;net.sourceforge.jtds.jdbc.ProcEntry
net.sourceforge.jtds.jdbc.cache.ProcedureCache;net.sourceforge.jtds.jdbc.cache.ProcedureCache$CacheEntry
net.sourceforge.jtds.jdbc.cache.ProcedureCache;net.sourceforge.jtds.jdbc.cache.StatementCache
net.sourceforge.jtds.jdbc.cache.ProcedureCache$CacheEntry;net.sourceforge.jtds.jdbc.ProcEntry
net.sourceforge.jtds.jdbc.cache.SQLCacheKey;net.sourceforge.jtds.jdbc.JtdsConnection
net.sourceforge.jtds.jdbc.cache.SimpleLRUCache;net.sourceforge.jtds.jdbc.cache.SimpleLRUCache$1
net.sourceforge.jtds.jdbc.cache.SimpleLRUCache$1;net.sourceforge.jtds.jdbc.cache.SimpleLRUCache
net.sourceforge.jtds.jdbcx.JtdsDataSource;net.sourceforge.jtds.jdbc.DefaultProperties
net.sourceforge.jtds.jdbcx.JtdsDataSource;net.sourceforge.jtds.jdbc.Driver
net.sourceforge.jtds.jdbcx.JtdsDataSource;net.sourceforge.jtds.jdbc.Messages
net.sourceforge.jtds.jdbcx.JtdsDataSource;net.sourceforge.jtds.jdbc.Support
net.sourceforge.jtds.jdbcx.JtdsDataSource;net.sourceforge.jtds.jdbcx.JtdsObjectFactory
net.sourceforge.jtds.jdbcx.JtdsDataSource;net.sourceforge.jtds.jdbcx.JtdsXAConnection
net.sourceforge.jtds.jdbcx.JtdsDataSource;net.sourceforge.jtds.jdbcx.PooledConnection
net.sourceforge.jtds.jdbcx.JtdsDataSource;net.sourceforge.jtds.util.Logger
net.sourceforge.jtds.jdbcx.JtdsObjectFactory;net.sourceforge.jtds.jdbc.Messages
net.sourceforge.jtds.jdbcx.JtdsObjectFactory;net.sourceforge.jtds.jdbcx.JtdsDataSource
net.sourceforge.jtds.jdbcx.JtdsXAConnection;net.sourceforge.jtds.jdbc.XASupport
net.sourceforge.jtds.jdbcx.JtdsXAConnection;net.sourceforge.jtds.jdbcx.JtdsDataSource
net.sourceforge.jtds.jdbcx.JtdsXAConnection;net.sourceforge.jtds.jdbcx.JtdsXAResource
net.sourceforge.jtds.jdbcx.JtdsXAConnection;net.sourceforge.jtds.jdbcx.PooledConnection
net.sourceforge.jtds.jdbcx.JtdsXAResource;net.sourceforge.jtds.jdbc.JtdsConnection
net.sourceforge.jtds.jdbcx.JtdsXAResource;net.sourceforge.jtds.jdbc.XASupport
net.sourceforge.jtds.jdbcx.JtdsXAResource;net.sourceforge.jtds.jdbcx.JtdsXAConnection
net.sourceforge.jtds.jdbcx.JtdsXAResource;net.sourceforge.jtds.util.Logger
net.sourceforge.jtds.jdbcx.JtdsXid;net.sourceforge.jtds.jdbc.Support
net.sourceforge.jtds.jdbcx.PooledConnection;net.sourceforge.jtds.jdbc.Messages
net.sourceforge.jtds.jdbcx.PooledConnection;net.sourceforge.jtds.jdbcx.proxy.ConnectionProxy
net.sourceforge.jtds.jdbcx.proxy.CallableStatementProxy;net.sourceforge.jtds.jdbc.JtdsCallableStatement
net.sourceforge.jtds.jdbcx.proxy.CallableStatementProxy;net.sourceforge.jtds.jdbc.JtdsPreparedStatement
net.sourceforge.jtds.jdbcx.proxy.CallableStatementProxy;net.sourceforge.jtds.jdbcx.proxy.ConnectionProxy
net.sourceforge.jtds.jdbcx.proxy.CallableStatementProxy;net.sourceforge.jtds.jdbcx.proxy.PreparedStatementProxy
net.sourceforge.jtds.jdbcx.proxy.ConnectionProxy;net.sourceforge.jtds.jdbc.JtdsCallableStatement
net.sourceforge.jtds.jdbcx.proxy.ConnectionProxy;net.sourceforge.jtds.jdbc.JtdsConnection
net.sourceforge.jtds.jdbcx.proxy.ConnectionProxy;net.sourceforge.jtds.jdbc.JtdsPreparedStatement
net.sourceforge.jtds.jdbcx.proxy.ConnectionProxy;net.sourceforge.jtds.jdbc.JtdsStatement
net.sourceforge.jtds.jdbcx.proxy.ConnectionProxy;net.sourceforge.jtds.jdbc.Messages
net.sourceforge.jtds.jdbcx.proxy.ConnectionProxy;net.sourceforge.jtds.jdbcx.PooledConnection
net.sourceforge.jtds.jdbcx.proxy.ConnectionProxy;net.sourceforge.jtds.jdbcx.proxy.CallableStatementProxy
net.sourceforge.jtds.jdbcx.proxy.ConnectionProxy;net.sourceforge.jtds.jdbcx.proxy.PreparedStatementProxy
net.sourceforge.jtds.jdbcx.proxy.ConnectionProxy;net.sourceforge.jtds.jdbcx.proxy.StatementProxy
net.sourceforge.jtds.jdbcx.proxy.PreparedStatementProxy;net.sourceforge.jtds.jdbc.JtdsPreparedStatement
net.sourceforge.jtds.jdbcx.proxy.PreparedStatementProxy;net.sourceforge.jtds.jdbc.JtdsStatement
net.sourceforge.jtds.jdbcx.proxy.PreparedStatementProxy;net.sourceforge.jtds.jdbcx.proxy.ConnectionProxy
net.sourceforge.jtds.jdbcx.proxy.PreparedStatementProxy;net.sourceforge.jtds.jdbcx.proxy.StatementProxy
net.sourceforge.jtds.jdbcx.proxy.StatementProxy;net.sourceforge.jtds.jdbc.JtdsStatement
net.sourceforge.jtds.jdbcx.proxy.StatementProxy;net.sourceforge.jtds.jdbc.Messages
net.sourceforge.jtds.jdbcx.proxy.StatementProxy;net.sourceforge.jtds.jdbcx.proxy.ConnectionProxy
net.sourceforge.jtds.ssl.SocketFactories;net.sourceforge.jtds.ssl.SocketFactories$TdsTlsSocketFactory
net.sourceforge.jtds.ssl.SocketFactories$TdsTlsSocketFactory;net.sourceforge.jtds.ssl.SocketFactories$TdsTlsSocketFactory$1
net.sourceforge.jtds.ssl.SocketFactories$TdsTlsSocketFactory;net.sourceforge.jtds.ssl.TdsTlsSocket
net.sourceforge.jtds.ssl.SocketFactories$TdsTlsSocketFactory;net.sourceforge.jtds.util.Logger
net.sourceforge.jtds.ssl.TdsTlsOutputStream;!defaultpackage!.B[]
net.sourceforge.jtds.ssl.TdsTlsSocket;net.sourceforge.jtds.ssl.TdsTlsInputStream
net.sourceforge.jtds.ssl.TdsTlsSocket;net.sourceforge.jtds.ssl.TdsTlsOutputStream
net.sourceforge.jtds.util.BlobBuffer;net.sourceforge.jtds.jdbc.Messages
net.sourceforge.jtds.util.BlobBuffer;net.sourceforge.jtds.util.BlobBuffer$AsciiInputStream
net.sourceforge.jtds.util.BlobBuffer;net.sourceforge.jtds.util.BlobBuffer$AsciiOutputStream
net.sourceforge.jtds.util.BlobBuffer;net.sourceforge.jtds.util.BlobBuffer$BlobInputStream
net.sourceforge.jtds.util.BlobBuffer;net.sourceforge.jtds.util.BlobBuffer$BlobOutputStream
net.sourceforge.jtds.util.BlobBuffer;net.sourceforge.jtds.util.BlobBuffer$UnicodeInputStream
net.sourceforge.jtds.util.BlobBuffer;net.sourceforge.jtds.util.Logger
net.sourceforge.jtds.util.BlobBuffer$AsciiInputStream;net.sourceforge.jtds.util.BlobBuffer
net.sourceforge.jtds.util.BlobBuffer$AsciiOutputStream;net.sourceforge.jtds.util.BlobBuffer
net.sourceforge.jtds.util.BlobBuffer$BlobInputStream;net.sourceforge.jtds.util.BlobBuffer
net.sourceforge.jtds.util.BlobBuffer$BlobOutputStream;net.sourceforge.jtds.util.BlobBuffer
net.sourceforge.jtds.util.BlobBuffer$UnicodeInputStream;net.sourceforge.jtds.util.BlobBuffer
net.sourceforge.jtds.util.MD4Digest;net.sourceforge.jtds.util.GeneralDigest
net.sourceforge.jtds.util.SSPIJNIClient;net.sourceforge.jtds.util.Logger
net.sourceforge.jtds.util.TimerThread;net.sourceforge.jtds.util.TimerThread$TimerListener
net.sourceforge.jtds.util.TimerThread;net.sourceforge.jtds.util.TimerThread$TimerRequest
net.sourceforge.jtds.util.TimerThread$TimerRequest;net.sourceforge.jtds.util.TimerThread$TimerListener
