com.internetcds.jdbc.tds.AbstractResultSet;!defaultpackage!.B[]
com.internetcds.jdbc.tds.AbstractResultSet;com.internetcds.jdbc.tds.Columns
com.internetcds.jdbc.tds.AbstractResultSet;com.internetcds.jdbc.tds.Context
com.internetcds.jdbc.tds.AbstractResultSet;com.internetcds.jdbc.tds.PacketRowResult
com.internetcds.jdbc.tds.AbstractResultSet;com.internetcds.jdbc.tds.SQLWarningChain
com.internetcds.jdbc.tds.AbstractResultSet;com.internetcds.jdbc.tds.TdsResultSetMetaData
com.internetcds.jdbc.tds.CallableStatement_base;com.internetcds.jdbc.tds.ParameterListItem
com.internetcds.jdbc.tds.CallableStatement_base;com.internetcds.jdbc.tds.ParameterUtils
com.internetcds.jdbc.tds.CallableStatement_base;com.internetcds.jdbc.tds.PreparedStatement_base
com.internetcds.jdbc.tds.CallableStatement_base;com.internetcds.jdbc.tds.Tds
com.internetcds.jdbc.tds.CallableStatement_base;com.internetcds.jdbc.tds.TdsConnection
com.internetcds.jdbc.tds.CallableStatement_base;com.internetcds.jdbc.tds.TdsStatement
com.internetcds.jdbc.tds.CancelController;com.internetcds.jdbc.tds.TdsComm
com.internetcds.jdbc.tds.Columns;com.internetcds.jdbc.tds.Column
com.internetcds.jdbc.tds.Columns;com.internetcds.jdbc.tds.Tds
com.internetcds.jdbc.tds.Columns;com.internetcds.jdbc.tds.TdsException
com.internetcds.jdbc.tds.ConnectionHelper;com.internetcds.jdbc.tds.Tds
com.internetcds.jdbc.tds.ConnectionHelper;com.internetcds.jdbc.tds.TdsException
com.internetcds.jdbc.tds.Constructors;com.internetcds.jdbc.tds.Columns
com.internetcds.jdbc.tds.Constructors;com.internetcds.jdbc.tds.Tds
com.internetcds.jdbc.tds.Constructors;com.internetcds.jdbc.tds.TdsException
com.internetcds.jdbc.tds.Context;com.internetcds.jdbc.tds.Columns
com.internetcds.jdbc.tds.Context;com.internetcds.jdbc.tds.EncodingHelper
com.internetcds.jdbc.tds.ContextFixture;com.internetcds.jdbc.tds.Columns
com.internetcds.jdbc.tds.ContextFixture;com.internetcds.jdbc.tds.Context
com.internetcds.jdbc.tds.ContextFixture;com.internetcds.jdbc.tds.EncodingHelper
com.internetcds.jdbc.tds.DatabaseMetaData;com.internetcds.jdbc.tds.ConnectionHelper
com.internetcds.jdbc.tds.DatabaseMetaData;com.internetcds.jdbc.tds.DriverVersion
com.internetcds.jdbc.tds.DatabaseMetaData;com.internetcds.jdbc.tds.Tds
com.internetcds.jdbc.tds.DatabaseMetaData;com.internetcds.jdbc.tds.UniqueId
com.internetcds.jdbc.tds.Driver;com.internetcds.jdbc.tds.DriverVersion
com.internetcds.jdbc.tds.Driver;com.internetcds.jdbc.tds.TdsConnection
com.internetcds.jdbc.tds.Driver;com.internetcds.jdbc.tds.TdsException
com.internetcds.jdbc.tds.MSSqlServerEscapeProcessor;com.internetcds.jdbc.tds.EscapeProcessor
com.internetcds.jdbc.tds.PacketColumnInfoResult;com.internetcds.jdbc.tds.Columns
com.internetcds.jdbc.tds.PacketColumnInfoResult;com.internetcds.jdbc.tds.PacketResult
com.internetcds.jdbc.tds.PacketColumnNamesResult;com.internetcds.jdbc.tds.Columns
com.internetcds.jdbc.tds.PacketColumnNamesResult;com.internetcds.jdbc.tds.PacketResult
com.internetcds.jdbc.tds.PacketColumnOrderResult;com.internetcds.jdbc.tds.PacketResult
com.internetcds.jdbc.tds.PacketControlResult;com.internetcds.jdbc.tds.PacketResult
com.internetcds.jdbc.tds.PacketDoneInProcResult;com.internetcds.jdbc.tds.PacketResult
com.internetcds.jdbc.tds.PacketDoneInProcResult;com.internetcds.jdbc.tds.TdsConfused
com.internetcds.jdbc.tds.PacketEndTokenResult;com.internetcds.jdbc.tds.PacketResult
com.internetcds.jdbc.tds.PacketEndTokenResult;com.internetcds.jdbc.tds.TdsConfused
com.internetcds.jdbc.tds.PacketErrorResult;com.internetcds.jdbc.tds.PacketMsgResult
com.internetcds.jdbc.tds.PacketErrorResult;com.internetcds.jdbc.tds.SqlMessage
com.internetcds.jdbc.tds.PacketMsgResult;com.internetcds.jdbc.tds.PacketResult
com.internetcds.jdbc.tds.PacketMsgResult;com.internetcds.jdbc.tds.SqlMessage
com.internetcds.jdbc.tds.PacketRetStatResult;com.internetcds.jdbc.tds.PacketResult
com.internetcds.jdbc.tds.PacketRowResult;!defaultpackage!.B[]
com.internetcds.jdbc.tds.PacketRowResult;com.internetcds.jdbc.tds.Columns
com.internetcds.jdbc.tds.PacketRowResult;com.internetcds.jdbc.tds.Context
com.internetcds.jdbc.tds.PacketRowResult;com.internetcds.jdbc.tds.EncodingHelper
com.internetcds.jdbc.tds.PacketRowResult;com.internetcds.jdbc.tds.PacketResult
com.internetcds.jdbc.tds.PacketRowResult;com.internetcds.jdbc.tds.TdsAsciiInputStream
com.internetcds.jdbc.tds.PacketRowResult;com.internetcds.jdbc.tds.TdsException
com.internetcds.jdbc.tds.PacketRowResult;com.internetcds.jdbc.tds.TdsUtil
com.internetcds.jdbc.tds.PacketRowResultTest;com.internetcds.jdbc.tds.Context
com.internetcds.jdbc.tds.PacketRowResultTest;com.internetcds.jdbc.tds.ContextFixture
com.internetcds.jdbc.tds.PacketRowResultTest;com.internetcds.jdbc.tds.PacketRowResult
com.internetcds.jdbc.tds.PacketTabNameResult;com.internetcds.jdbc.tds.PacketResult
com.internetcds.jdbc.tds.PacketUnknown;com.internetcds.jdbc.tds.PacketResult
com.internetcds.jdbc.tds.ParameterUtils;com.internetcds.jdbc.tds.EncodingHelper
com.internetcds.jdbc.tds.ParameterUtils;com.internetcds.jdbc.tds.ParameterListItem
com.internetcds.jdbc.tds.ParameterUtils;com.internetcds.jdbc.tds.Tds
com.internetcds.jdbc.tds.ParameterUtils;com.internetcds.jdbc.tds.TdsUtil
com.internetcds.jdbc.tds.PreparedStatement_base;com.internetcds.jdbc.tds.PacketEndTokenResult
com.internetcds.jdbc.tds.PreparedStatement_base;com.internetcds.jdbc.tds.PacketMsgResult
com.internetcds.jdbc.tds.PreparedStatement_base;com.internetcds.jdbc.tds.PacketResult
com.internetcds.jdbc.tds.PreparedStatement_base;com.internetcds.jdbc.tds.ParameterListItem
com.internetcds.jdbc.tds.PreparedStatement_base;com.internetcds.jdbc.tds.ParameterUtils
com.internetcds.jdbc.tds.PreparedStatement_base;com.internetcds.jdbc.tds.PreparedStatementHelper
com.internetcds.jdbc.tds.PreparedStatement_base;com.internetcds.jdbc.tds.Procedure
com.internetcds.jdbc.tds.PreparedStatement_base;com.internetcds.jdbc.tds.SQLWarningChain
com.internetcds.jdbc.tds.PreparedStatement_base;com.internetcds.jdbc.tds.Tds
com.internetcds.jdbc.tds.PreparedStatement_base;com.internetcds.jdbc.tds.TdsConnection
com.internetcds.jdbc.tds.PreparedStatement_base;com.internetcds.jdbc.tds.TdsException
com.internetcds.jdbc.tds.PreparedStatement_base;com.internetcds.jdbc.tds.TdsResultSet
com.internetcds.jdbc.tds.PreparedStatement_base;com.internetcds.jdbc.tds.TdsStatement
com.internetcds.jdbc.tds.Procedure;com.internetcds.jdbc.tds.ParameterListItem
com.internetcds.jdbc.tds.Procedure;com.internetcds.jdbc.tds.ParameterUtils
com.internetcds.jdbc.tds.Procedure;com.internetcds.jdbc.tds.Tds
com.internetcds.jdbc.tds.SQLWarningChain;com.internetcds.jdbc.tds.PacketErrorResult
com.internetcds.jdbc.tds.SQLWarningChain;com.internetcds.jdbc.tds.PacketMsgResult
com.internetcds.jdbc.tds.SQLWarningChain;com.internetcds.jdbc.tds.SqlMessage
com.internetcds.jdbc.tds.SybaseDriver;com.internetcds.jdbc.tds.Driver
com.internetcds.jdbc.tds.SybaseEscapeProcessor;com.internetcds.jdbc.tds.EscapeProcessor
com.internetcds.jdbc.tds.Tds;!defaultpackage!.B[]
com.internetcds.jdbc.tds.Tds;com.internetcds.jdbc.tds.CancelController
com.internetcds.jdbc.tds.Tds;com.internetcds.jdbc.tds.Columns
com.internetcds.jdbc.tds.Tds;com.internetcds.jdbc.tds.Context
com.internetcds.jdbc.tds.Tds;com.internetcds.jdbc.tds.DriverVersion
com.internetcds.jdbc.tds.Tds;com.internetcds.jdbc.tds.EncodingHelper
com.internetcds.jdbc.tds.Tds;com.internetcds.jdbc.tds.EscapeProcessor
com.internetcds.jdbc.tds.Tds;com.internetcds.jdbc.tds.MSSqlServerEscapeProcessor
com.internetcds.jdbc.tds.Tds;com.internetcds.jdbc.tds.PacketColumnInfoResult
com.internetcds.jdbc.tds.Tds;com.internetcds.jdbc.tds.PacketColumnNamesResult
com.internetcds.jdbc.tds.Tds;com.internetcds.jdbc.tds.PacketColumnOrderResult
com.internetcds.jdbc.tds.Tds;com.internetcds.jdbc.tds.PacketControlResult
com.internetcds.jdbc.tds.Tds;com.internetcds.jdbc.tds.PacketDoneInProcResult
com.internetcds.jdbc.tds.Tds;com.internetcds.jdbc.tds.PacketEndTokenResult
com.internetcds.jdbc.tds.Tds;com.internetcds.jdbc.tds.PacketErrorResult
com.internetcds.jdbc.tds.Tds;com.internetcds.jdbc.tds.PacketMsgResult
com.internetcds.jdbc.tds.Tds;com.internetcds.jdbc.tds.PacketResult
com.internetcds.jdbc.tds.Tds;com.internetcds.jdbc.tds.PacketRetStatResult
com.internetcds.jdbc.tds.Tds;com.internetcds.jdbc.tds.PacketRowResult
com.internetcds.jdbc.tds.Tds;com.internetcds.jdbc.tds.PacketTabNameResult
com.internetcds.jdbc.tds.Tds;com.internetcds.jdbc.tds.PacketUnknown
com.internetcds.jdbc.tds.Tds;com.internetcds.jdbc.tds.ParameterListItem
com.internetcds.jdbc.tds.Tds;com.internetcds.jdbc.tds.SQLWarningChain
com.internetcds.jdbc.tds.Tds;com.internetcds.jdbc.tds.SqlMessage
com.internetcds.jdbc.tds.Tds;com.internetcds.jdbc.tds.SybaseEscapeProcessor
com.internetcds.jdbc.tds.Tds;com.internetcds.jdbc.tds.TdsComm
com.internetcds.jdbc.tds.Tds;com.internetcds.jdbc.tds.TdsConfused
com.internetcds.jdbc.tds.Tds;com.internetcds.jdbc.tds.TdsDefinitions
com.internetcds.jdbc.tds.Tds;com.internetcds.jdbc.tds.TdsException
com.internetcds.jdbc.tds.Tds;com.internetcds.jdbc.tds.TdsNotImplemented
com.internetcds.jdbc.tds.Tds;com.internetcds.jdbc.tds.TdsUnknownPacketSubType
com.internetcds.jdbc.tds.Tds;com.internetcds.jdbc.tds.TdsUtil
com.internetcds.jdbc.tds.Tds;com.internetcds.jdbc.tds.TimeoutHandler
com.internetcds.jdbc.tds.Tds;com.internetcds.jdbc.tds.UniqueId
com.internetcds.jdbc.tds.Tds;com.internetcds.util.Logger
com.internetcds.jdbc.tds.TdsComm;com.internetcds.jdbc.tds.TdsDefinitions
com.internetcds.jdbc.tds.TdsComm;com.internetcds.jdbc.tds.TdsException
com.internetcds.jdbc.tds.TdsComm;com.internetcds.jdbc.tds.TdsUnknownPacketType
com.internetcds.jdbc.tds.TdsComm;com.internetcds.util.HexDump
com.internetcds.jdbc.tds.TdsComm;com.internetcds.util.Logger
com.internetcds.jdbc.tds.TdsConfused;com.internetcds.jdbc.tds.TdsException
com.internetcds.jdbc.tds.TdsConnection;com.internetcds.jdbc.tds.ConnectionHelper
com.internetcds.jdbc.tds.TdsConnection;com.internetcds.jdbc.tds.Constructors
com.internetcds.jdbc.tds.TdsConnection;com.internetcds.jdbc.tds.DatabaseMetaData
com.internetcds.jdbc.tds.TdsConnection;com.internetcds.jdbc.tds.PreparedStatementHelper
com.internetcds.jdbc.tds.TdsConnection;com.internetcds.jdbc.tds.SQLWarningChain
com.internetcds.jdbc.tds.TdsConnection;com.internetcds.jdbc.tds.Tds
com.internetcds.jdbc.tds.TdsConnection;com.internetcds.jdbc.tds.TdsException
com.internetcds.jdbc.tds.TdsConnection;com.internetcds.jdbc.tds.TdsInstance
com.internetcds.jdbc.tds.TdsConnection;com.internetcds.jdbc.tds.TdsStatement
com.internetcds.jdbc.tds.TdsInstance;com.internetcds.jdbc.tds.Tds
com.internetcds.jdbc.tds.TdsNotImplemented;com.internetcds.jdbc.tds.TdsException
com.internetcds.jdbc.tds.TdsResultSet;com.internetcds.jdbc.tds.AbstractResultSet
com.internetcds.jdbc.tds.TdsResultSet;com.internetcds.jdbc.tds.Columns
com.internetcds.jdbc.tds.TdsResultSet;com.internetcds.jdbc.tds.Context
com.internetcds.jdbc.tds.TdsResultSet;com.internetcds.jdbc.tds.EncodingHelper
com.internetcds.jdbc.tds.TdsResultSet;com.internetcds.jdbc.tds.PacketDoneInProcResult
com.internetcds.jdbc.tds.TdsResultSet;com.internetcds.jdbc.tds.PacketEndTokenResult
com.internetcds.jdbc.tds.TdsResultSet;com.internetcds.jdbc.tds.PacketMsgResult
com.internetcds.jdbc.tds.TdsResultSet;com.internetcds.jdbc.tds.PacketResult
com.internetcds.jdbc.tds.TdsResultSet;com.internetcds.jdbc.tds.PacketRowResult
com.internetcds.jdbc.tds.TdsResultSet;com.internetcds.jdbc.tds.SQLWarningChain
com.internetcds.jdbc.tds.TdsResultSet;com.internetcds.jdbc.tds.Tds
com.internetcds.jdbc.tds.TdsResultSet;com.internetcds.jdbc.tds.TdsException
com.internetcds.jdbc.tds.TdsResultSet;com.internetcds.jdbc.tds.TdsStatement
com.internetcds.jdbc.tds.TdsResultSetMetaData;com.internetcds.jdbc.tds.Columns
com.internetcds.jdbc.tds.TdsStatement;com.internetcds.jdbc.tds.Columns
com.internetcds.jdbc.tds.TdsStatement;com.internetcds.jdbc.tds.ConnectionHelper
com.internetcds.jdbc.tds.TdsStatement;com.internetcds.jdbc.tds.PacketColumnInfoResult
com.internetcds.jdbc.tds.TdsStatement;com.internetcds.jdbc.tds.PacketColumnNamesResult
com.internetcds.jdbc.tds.TdsStatement;com.internetcds.jdbc.tds.PacketColumnOrderResult
com.internetcds.jdbc.tds.TdsStatement;com.internetcds.jdbc.tds.PacketControlResult
com.internetcds.jdbc.tds.TdsStatement;com.internetcds.jdbc.tds.PacketDoneInProcResult
com.internetcds.jdbc.tds.TdsStatement;com.internetcds.jdbc.tds.PacketEndTokenResult
com.internetcds.jdbc.tds.TdsStatement;com.internetcds.jdbc.tds.PacketMsgResult
com.internetcds.jdbc.tds.TdsStatement;com.internetcds.jdbc.tds.PacketResult
com.internetcds.jdbc.tds.TdsStatement;com.internetcds.jdbc.tds.PacketRowResult
com.internetcds.jdbc.tds.TdsStatement;com.internetcds.jdbc.tds.PacketTabNameResult
com.internetcds.jdbc.tds.TdsStatement;com.internetcds.jdbc.tds.PacketUnknown
com.internetcds.jdbc.tds.TdsStatement;com.internetcds.jdbc.tds.SQLWarningChain
com.internetcds.jdbc.tds.TdsStatement;com.internetcds.jdbc.tds.Tds
com.internetcds.jdbc.tds.TdsStatement;com.internetcds.jdbc.tds.TdsConnection
com.internetcds.jdbc.tds.TdsStatement;com.internetcds.jdbc.tds.TdsException
com.internetcds.jdbc.tds.TdsStatement;com.internetcds.jdbc.tds.TdsResultSet
com.internetcds.jdbc.tds.TdsStatement;com.internetcds.jdbc.tds.TdsUnknownPacketSubType
com.internetcds.jdbc.tds.TdsUnknownPacketSubType;com.internetcds.jdbc.tds.TdsException
com.internetcds.jdbc.tds.TdsUnknownPacketType;com.internetcds.jdbc.tds.TdsException
com.internetcds.jdbc.tds.TdsUnknownPacketType;com.internetcds.util.HexDump
